"","DOY_S","meanAT2","meanAT6","sum_R","rain_events","meanRH2","meanRH6","meanSWC5","meanSWC15","meanSWC30","meanST5","meanST15","meanST30","meanNEE","meanGPP","meanRECO","sdReco","Season","high_day","Rain_DOY","Pulse_Days"
"1",1,3.68077777777778,4.37896296296296,0,0,78.4862587548148,78.3838457514815,18.2222222222222,19.4814814814815,NA,7.08888888888889,8.52222222222222,10.4666666666667,0.17995380990437,0.0688919583842222,0.248845768292593,0.138938692147728,"Winter",0,0,0
"2",2,2.07633333333333,3.33222222222222,0,0,74.9834274392593,73.0247508288889,17.962962962963,20,NA,5.27777777777778,7.16296296296296,9.44074074074074,0.138391307088148,0.0156433141,0.154034621188889,0.0396273734745643,"Winter",0,0,0
"3",3,6.77637037037037,8.11866666666667,0,0,58.7301333503704,55.1091399466667,17.3703703703704,19.5185185185185,NA,6.31481481481481,7.64444444444444,8.99259259259259,0.205529217301852,0.0182301447740741,0.223759362077778,0.0919428830615228,"Winter",0,0,0
"4",4,7.66181481481482,9.32844444444444,0,0,47.5830248925926,42.7425784951852,16.962962962963,19,NA,7.8037037037037,8.92222222222222,9.51481481481482,0.205309693637037,0.0370010062962963,0.242310699933333,0.112142905058878,"Winter",0,0,0
"5",5,6.76322222222222,8.53114814814815,0,0,62.5640939614815,58.1234380733333,16.3333333333333,18.6666666666667,NA,7.37407407407407,8.83333333333333,9.83333333333333,0.279667531147778,0.00884429709259259,0.288511828240741,0.175579622857667,"Winter",0,0,0
"6",6,5.85292592592593,7.25040740740741,0,0,60.3862052422222,57.4322248777778,15.9259259259259,18,NA,7.11851851851852,8.75925925925926,9.8962962962963,0.191945984267037,0.0227379269644444,0.21468391122963,0.100817076497149,"Winter",0,0,0
"7",7,6.44825925925926,8.32585185185185,0,0,52.6482872081481,48.1533308907407,15.2222222222222,17.7777777777778,NA,6.56296296296296,8.28518518518518,9.56666666666667,0.134881602814444,0.0493673472359259,0.184248950051852,0.104396004745766,"Winter",0,0,0
"8",8,10.5892592592593,12.6844444444444,0,0,45.5973566533333,40.3993354248148,15.1851851851852,17.4444444444444,NA,8.17407407407407,9.52962962962963,9.73333333333333,0.0990387275955556,0.0962839398333333,0.195322667422222,0.0348244632470001,"Winter",0,0,0
"9",9,12.2662962962963,14.1144444444444,0,0,42.067397907037,37.7756121374074,15.1481481481481,17.1851851851852,NA,9.3962962962963,10.6888888888889,10.4444444444444,0.288466750581481,0.0373221421848148,0.325788892766667,0.243143973086178,"Winter",0,0,0
"10",10,10.3471111111111,12.1211111111111,0,0,34.8509245533333,31.5070069748148,14.8148148148148,17,NA,8.68148148148148,10.5444444444444,10.7518518518519,0.13013629532037,0.0429062246888889,0.173042520007407,0.0225919897189837,"Winter",0,0,0
"11",11,8.74148148148148,10.3612592592593,0,0,32.8715196692593,30.0579102851852,14.2962962962963,16.9259259259259,NA,7.99259259259259,10.0148148148148,10.5555555555556,0.12309894678163,0.0418438817948148,0.164942828574074,0.0167487334962934,"Winter",0,0,0
"12",12,9.49315384615385,11.2717307692308,0,0,28.2078837169231,25.5351638969231,14.0384615384615,16.3076923076923,NA,7.52692307692308,9.61538461538461,10.3423076923077,0.246405651611538,0,0.246405651611538,0.0616121093515721,"Winter",0,0,0
"13",13,9.97946428571429,11.7439285714286,0,0,28.9813274785714,25.9862681567857,13.9642857142857,16,NA,7.66428571428571,9.40357142857143,10.0535714285714,0.275997157845,0.0830818321539286,0.359078989996429,0.0720196515809367,"Winter",0,0,0
"14",14,8.90865384615385,9.79823076923077,9.271,4,62.3801832888462,60.5099180853846,19.3461538461538,16.0384615384615,NA,8.94615384615385,10.3884615384615,10.3269230769231,0.438618216096154,0.0844909354596154,0.523109151557692,0.70617802466582,"Winter",1,14,1
"15",15,3.24196428571429,3.78392857142857,3.302,7,96.5670269135714,94.8001070725,25.2142857142857,21.8571428571429,17,7.45,9.00357142857143,10.2107142857143,0.282798007928571,0,0.282798007928571,0.0157262545301261,"Winter",0,0,0
"16",16,3.51777777777778,4.43125925925926,0,0,87.1746649103704,84.9975540237037,21.5555555555556,22.7037037037037,15.962962962963,6.55185185185185,8.01111111111111,9.37407407407407,0.33884473988463,0.052237711131963,0.391082451037037,0.311916018576277,"Winter",0,0,0
"17",17,4.60569230769231,5.59069230769231,0,0,76.5282649819231,74.9799236346154,19.6538461538462,21.6153846153846,15.0384615384615,6.46923076923077,7.92692307692308,9.21923076923077,0.342242140876923,0.0771623733442308,0.419404514219231,0.14159737662012,"Winter",0,0,0
"18",18,4.46538461538462,6.08842307692308,0,0,73.7878460103846,70.2300386130769,18.5384615384615,20.6538461538462,14,6.15,7.75769230769231,9.19615384615385,0.365408884957308,0.0797742307038461,0.445183115657692,0.0345286343539212,"Winter",0,0,0
"19",19,4.29081481481481,5.4787037037037,0,0,68.6280577992593,66.6689865262963,17.8148148148148,19.962962962963,13.1851851851852,5.67777777777778,7.05555555555556,8.74814814814815,0.293690482425926,0.161166256480741,0.4548567389,0.0718690573436741,"Winter",0,0,0
"20",20,3.67348148148148,4.42992592592593,1.778,4,74.4120921492593,73.9532883974074,17.037037037037,19.037037037037,12.5925925925926,5.56666666666667,6.91111111111111,8.42222222222222,0.299830326523963,0.139440701581481,0.439271028103704,0.0282605664505954,"Winter",0,0,0
"21",21,2.57065384615385,3.29126923076923,7.239,7,79.9665418661538,79.5260172773077,22.1538461538462,23.1153846153846,13.9230769230769,5.34230769230769,6.40384615384615,8.22307692307692,0.342622062199615,0.0827576857492308,0.425379747953846,0.0528217368270811,"Winter",1,21,1
"22",22,2.77853846153846,4.49319230769231,0,0,66.5692059511538,62.7839920688462,20.3846153846154,22.5,15.9615384615385,4.57307692307692,5.87692307692308,7.81923076923077,0.442758102600385,0.0362369368384615,0.478995039438462,0.130076090084924,"Winter",0,0,0
"23",23,7.29753846153846,8.34503846153846,0.254,1,51.3538188057692,49.879783515,19.0384615384615,21.6153846153846,15.5,5.89230769230769,7.01538461538462,7.96923076923077,0.674147022573077,0.0300994604923077,0.704246483065385,0.216899301485985,"Winter",0,0,0
"24",24,0.926038461538462,1.67588461538462,0.762,3,81.8522369103846,81.6245202415385,18.5,20.9230769230769,15,5.90384615384615,7.28076923076923,8.39615384615385,0.356373684891154,0.0143875733923077,0.370761258280769,0.123071913847175,"Winter",0,0,0
"25",25,-2.21673076923077,-0.675538461538462,0,0,74.0494560380769,72.2168925084615,17.5,20,14.2692307692308,3.80769230769231,5.69230769230769,7.93076923076923,0.108508569176154,0.0689648007780769,0.177473369953846,0.0871339972512051,"Winter",0,0,0
"26",26,-1.16126923076923,0.434884615384615,0,0,56.6282551223077,54.1321619061538,16.9615384615385,19.3461538461538,13.6153846153846,3.18846153846154,5.14615384615385,7.23076923076923,0.0358380886466154,0.0348235769807692,0.070661665627,0.104311581069258,"Winter",0,0,0
"27",27,-1.07176923076923,0.202615384615385,0,0,57.3878238257692,56.6619266869231,16.2692307692308,19,13.2307692307692,2.82307692307692,4.89230769230769,6.74230769230769,0.00344380150975192,0.0136969453819231,0.0171407468951442,0.0509743985040516,"Winter",0,0,0
"28",28,1.68638461538462,2.96603846153846,0,0,28.7165638669231,27.6395760384615,16.0769230769231,18.9230769230769,12.6923076923077,3.21153846153846,5.02307692307692,6.43846153846154,0.0126905402562538,0.0446737940253846,0.0573643342837346,0.124221951624837,"Winter",0,0,0
"29",29,4.29411538461538,5.70861538461538,0,0,25.5682750411538,24.1516250792308,16.0384615384615,18.6923076923077,12.7307692307692,4.05,5.76153846153846,6.58461538461538,0.00435245151364231,0.02704360527,0.0313960567819885,0.0739589526726145,"Winter",0,0,0
"30",30,6.00196153846154,8.19753846153846,0,0,26.2895683303846,23.2643814038462,15.8076923076923,18.5,12.4230769230769,4.85,6.52692307692308,7,0.00870715199930769,0.0161651761269231,0.0248723281259231,0.0510602832031732,"Winter",0,0,0
"31",31,9.12534615384615,11.1303846153846,0,0,24.157533555,21.5205985484615,15.8846153846154,18.3461538461538,12.0769230769231,5.98461538461538,7.40384615384615,7.50384615384615,0.00159720992826923,0.00100713247846154,0.00260434240673077,0.00295671551117111,"Winter",0,0,0
"32",32,9.11080769230769,11.4028846153846,0,0,22.9701605542308,20.0263042584615,15.7307692307692,18.2692307692308,11.6923076923077,6.71153846153846,8.20384615384615,8.07692307692308,-0.02312812164,0.0249146311769231,0.00178650953769231,0.000191246978383512,"Winter",0,0,0
"33",33,10.4880769230769,12.7430769230769,0,0,24.1567913173077,21.1893761665385,15.5384615384615,18.0769230769231,11.6538461538462,7.06538461538462,8.71538461538461,8.49615384615385,0.00560282395792308,0,0.00560282395792308,0.0169781615434512,"Winter",0,0,0
"34",34,10.9023076923077,12.9665384615385,0,0,24.0467923219231,21.093990075,15.5384615384615,18,11.5,7.61153846153846,9.33846153846154,8.87692307692308,-0.00326749553414615,0.00445792805,0.00119043251843077,0.000113222315680587,"Winter",0,0,0
"35",35,10.5161538461538,13.0569230769231,0,0,18.0583780492308,15.2687156707692,15.4230769230769,18,11.3846153846154,8.12692307692308,9.89230769230769,9.33076923076923,-0.00944262044911538,0.0102350232715385,0.000792402824615385,0.000113436455473307,"Winter",0,0,0
"36",36,10.8311538461538,12.9561538461538,0,0,21.9975689076923,19.2790182715385,15.1923076923077,18,11.0769230769231,8.78461538461539,10.5615384615385,9.78461538461538,0.0100796478422923,0,0.0100796478422923,0.0491807284217722,"Winter",0,0,0
"37",37,8.09019230769231,9.80188461538462,0,0,35.2543690073077,31.9760842407692,15.0384615384615,18,11,8.88461538461539,10.65,10.1423076923077,-0.0343390126521462,0.076906851845,0.0425678391934008,0.1053350313767,"Winter",0,0,0
"38",38,6.46123076923077,8.21369230769231,0,0,65.1294182361539,61.297464655,14.6538461538462,17.6538461538462,10.7692307692308,8.76923076923077,10.4192307692308,10.1576923076923,0.0229548096154784,0.0297968345692308,0.0527516441827288,0.155864036740242,"Winter",0,0,0
"39",39,9.50061538461538,11.3384615384615,0,0,65.7754636046154,61.1627704138462,14.7307692307692,17.6923076923077,10.6153846153846,9.83461538461538,11.3346153846154,10.5653846153846,-0.00133162788548077,0.0273221821535769,0.0259905542721731,0.0617822982211735,"Winter",0,0,0
"40",40,14.4438461538462,16.3934615384615,0,0,37.8953764380769,34.0987399380769,14.8846153846154,17.8461538461538,10.2692307692308,10.9615384615385,12.4076923076923,11.1653846153846,0.0169905210730769,0.03398402056,0.0509745416319231,0.026152178463987,"Winter",0,0,0
"41",41,16.1834615384615,18.0342307692308,0,0,27.8508922269231,24.8852570942308,14.9230769230769,17.8076923076923,10.4230769230769,11.9115384615385,13.4923076923077,11.9153846153846,0.116444715573462,0,0.116444715573462,0.0348404026002459,"Winter",0,0,0
"42",42,13.9203846153846,15.5776923076923,0,0,33.88375668,30.8244962873077,14.5769230769231,17.8076923076923,10.1538461538462,12.1192307692308,14.0076923076923,12.5192307692308,0.141335067873077,0.0499923637811538,0.19132743165,0.1129248366136,"Winter",0,0,0
"43",43,10.6470769230769,11.9930769230769,0,0,52.7219607507692,50.0848298111538,14.1923076923077,17.1538461538462,9.96153846153846,11.5576923076923,13.2846153846154,12.5730769230769,0.219456786665385,0.00150840105692308,0.220965187723077,0.0852029524457655,"Winter",0,0,0
"44",44,6.17244,7.11348,2.54,2,75.638659608,73.7293894928,13.96,17,9.68,9.96,11.94,12.14,0.1584362918132,0.032872061732,0.191308353544,0.0284581164130901,"Winter",0,0,0
"45",45,5.99034615384615,6.95288461538462,0,0,79.1987790353846,77.2881307319231,13.8461538461538,16.9615384615385,9.46153846153846,8.87692307692308,10.7884615384615,11.4807692307692,0.270797182059615,0.0295785004346154,0.300375682492308,0.150450102509565,"Winter",0,0,0
"46",46,3.7284,4.93156,0,0,62.70999866,60.724876686,13.68,16.72,9.36,8.108,10.288,11.12,0.2310150022216,0.0500893771332,0.281104379356,0.141672775434974,"Winter",0,0,0
"47",47,5.4748,7.28668,0,0,40.8776247516,36.8717120472,13.64,16.48,9.32,7.824,10.108,10.884,0.2226682301792,0.05373585512,0.2764040853,0.0547995575624752,"Winter",0,0,0
"48",48,8.39211538461539,9.38869230769231,0,0,53.0077846396154,51.7752681796154,13.8846153846154,16.6923076923077,8.92307692307692,9.18461538461538,10.8538461538462,10.8692307692308,0.294364871943962,0.0440617688076923,0.33842664075,0.0420321195909616,"Winter",0,0,0
"49",49,5.78688461538462,6.38538461538462,0,0,73.6912885461538,73.7405104376923,13.9230769230769,16.6153846153846,8.69230769230769,9.23076923076923,10.8192307692308,11.0730769230769,0.293469589915385,0,0.293469589915385,0.0614931800150798,"Winter",0,0,0
"50",50,3.16636,3.87384,0,0,91.0368059584,89.8778031592,13.4,15.92,8.8,7.908,9.532,10.668,0.256390597596,0,0.256390597596,0.0442235301949094,"Winter",0,0,0
"51",51,6.08916,7.14844,0,0,82.6858016712,79.9384363708,13.68,16.4,8.56,9.164,10.504,10.7,0.344652317992,0,0.344652317992,0.0587477506700462,"Winter",0,0,0
"52",52,9.22483333333333,10.7185416666667,0,0,60.7230492179167,57.6229632945833,14,16.4583333333333,8.41666666666667,10.0875,11.7166666666667,11.3833333333333,0.458202660545833,0,0.458202660545833,0.100458289851331,"Winter",0,0,0
"53",53,11.5516666666667,13.1066666666667,0,0,48.2099437370833,45.33433026375,14.0833333333333,19.2916666666667,8.45833333333333,11.4208333333333,13.075,12.05,0.5434290156875,0,0.5434290156875,0.0401895955181519,"Winter",0,0,0
"54",54,6.52741666666667,7.80395833333333,0,0,49.0569190295833,46.85438808375,13.9583333333333,24.25,8.5,11.1583333333333,13.2041666666667,12.5708333333333,0.404676643425,0,0.404676643425,0.070945838760394,"Winter",0,0,0
"55",55,1.9,3.19308333333333,0,0,37.5849154120833,36.3990774808333,13.2916666666667,23.4583333333333,8.58333333333333,9.3,11.6583333333333,12.2125,0.2944946944875,0,0.2944946944875,0.0537984942596635,"Winter",0,0,0
"56",56,4.16308333333333,6.18725,0,0,26.2804385091667,23.4145517533333,13,23.1904761904762,8,8.94285714285714,11.1809523809524,11.6285714285714,0.377316555904167,0,0.377316555904167,0.0432153384989506,"Winter",0,0,0
"57",57,6.51524,7.85188,0,0,24.7986022136,22.9831820664,13,23,7.92857142857143,8.90714285714286,10.7857142857143,11.3142857142857,0.429718655096,0,0.429718655096,0.0270400999626481,"Winter",0,0,0
"58",58,7.70975,8.60079166666667,0,0,46.95719481,46.5573881566667,12.125,22.375,7.75,6.4875,9.2375,11.05,0.367177591520833,0.0949348268275,0.462112418341667,0.107822667343658,"Winter",0,0,0
"59",59,8.36284,9.42068,0,0,48.561412446,46.9330902772,4.55555555555556,16,7,10.9222222222222,12.3,11.5777777777778,0.5679948682432,0.0535185453248,0.621513413564,0.241815241793819,"Winter",0,0,0
"60",60,6.50545833333333,7.85479166666667,0,0,57.3899204570833,55.0773552525,11.5833333333333,16,7.66666666666667,10.7791666666667,12.0333333333333,11.7208333333333,0.304856477465417,0.0791815084291667,0.384037985895833,0.0854885722362823,"Spring",0,0,0
"61",61,9.01841666666667,10.0144583333333,0,0,28.8397384383333,27.7455236345833,12.0416666666667,16,8,12.3083333333333,13.0583333333333,12.4416666666667,0.355949435276667,0.0857302282725,0.441679663558333,0.161029015114073,"Spring",0,0,0
"62",62,11.2583333333333,12.19375,0,0,26.3788382929167,25.4810372254167,12,16,8.08333333333333,12.2,13.1416666666667,12.6583333333333,0.438722175158333,0.0154622076641667,0.454184382825,0.0884438905824455,"Spring",0,0,0
"63",63,10.939625,12.61125,0,0,38.7277157004167,35.29741489375,11.8333333333333,15.9583333333333,8.5,12.875,13.8958333333333,12.8,0.342018014369458,0.0600579356,0.402075949975,0.0548234655501983,"Spring",0,0,0
"64",64,11.9245833333333,12.9329166666667,0,0,49.0311748441667,47.5558947941667,11.9166666666667,16,9,13.4666666666667,14.525,13.4375,0.463676872562083,0.0798390616729167,0.5435159342375,0.203999011754638,"Spring",0,0,0
"65",65,7.89720833333333,8.99775,0,0,56.5838020541667,55.1530564066667,11.9166666666667,15.9166666666667,9,14.3083333333333,14.9333333333333,13.9541666666667,0.342492309383375,0.0849189734670833,0.42741128285,0.188009840389852,"Spring",0,0,0
"66",66,8.78370833333333,10.4832083333333,0,0,35.1338809454167,32.8007829241667,11.75,15.625,9,13.7833333333333,14.6875,14.2916666666667,0.258222179780208,0.106682678575,0.3649048583625,0.103333732399017,"Spring",0,0,0
"67",67,13.5695833333333,15.47875,0,0,19.80095614375,17.72778995,11.75,15.4166666666667,9.16666666666667,14.9083333333333,15.6,14.625,0.467463997033333,0.0157609385208333,0.483224935554167,0.114462361394908,"Spring",0,0,0
"68",68,14.2233333333333,16.23875,0,0,23.2547853054167,20.58925781375,11.8333333333333,15.375,9.66666666666667,16.1041666666667,16.725,15.3291666666667,0.25482143061625,0.1748112919125,0.4296327225375,0.0399261951799974,"Spring",0,0,0
"69",69,15.0108333333333,17.1883333333333,0,0,21.4182413833333,18.7607209166667,11.75,15.2916666666667,9.95833333333333,16.725,17.4125,15.9708333333333,0.4610288038,0.0491923978041667,0.510221201604167,0.233162838886832,"Spring",0,0,0
"70",70,14.9991666666667,17.0641666666667,0,0,24.5941808720833,21.79267893625,11.8333333333333,15.1666666666667,10,17.35,17.9375,16.4958333333333,0.331659976025,0.00616024589291667,0.3378202219125,0.118434009710331,"Spring",0,0,0
"71",71,14.855,16.6858333333333,0,0,20.0403616329167,17.8325436475,11.5416666666667,15.0416666666667,10,17.4,18.1083333333333,16.8833333333333,0.309653342315417,7.61441553333333e-05,0.309729486470833,0.262633794452694,"Spring",0,0,0
"72",72,14.6591666666667,17.16375,0,0,23.4408687941667,20.51422727,11.25,14.9583333333333,10,17.5125,18.4125,17.1333333333333,-0.0145848689348063,0.0553649278566667,0.0407800589244316,0.0737045422587732,"Spring",0,0,0
"73",73,15.3616666666667,17.7333333333333,0,0,20.26735678125,17.4983617316667,11.125,14.9166666666667,10,18.3,19.0125,17.55,0.0364133943714917,0,0.0364133943714917,0.157989462037951,"Spring",0,0,0
"74",74,16.4908333333333,18.425,0,0,18.12127239625,16.0004169066667,11,14.6666666666667,10,18.2208333333333,19.1791666666667,17.8291666666667,-0.0127648933966667,0.0342361762666667,0.0214712828683333,0.0101893345953636,"Spring",0,0,0
"75",75,16.1133333333333,18.35,0,0,18.8425988225,16.0357727091667,11,14.5833333333333,10,18.7541666666667,19.4916666666667,18.075,0.0414274812104167,0.00958018699583333,0.0510076682058333,0.0163522048713188,"Spring",0,0,0
"76",76,16.9833333333333,19.3641666666667,0,0,20.3519479875,17.2420675983333,10.9583333333333,14.2916666666667,10,19.1458333333333,19.9,18.4916666666667,0.12092369132,0.00245002748541667,0.123373718804167,0.140826994765362,"Spring",0,0,0
"77",77,16.8504166666667,19.0675,0,0,20.0773979208333,17.2323371258333,10.8333333333333,14.2083333333333,10,19.2333333333333,20.3375,18.7666666666667,0.0671802581625,0.0765468024041667,0.143727060545833,0.0301748990848902,"Spring",0,0,0
"78",78,18.1933333333333,19.8954166666667,0,0,19.1942590741667,17.0644011208333,10.625,14.0416666666667,10,19.9166666666667,20.8166666666667,19.0833333333333,0.259495585254167,0.0600528609875,0.3195484462375,0.311530623244306,"Spring",0,0,0
"79",79,17.8821739130435,19.6482608695652,0,0,24.4750072026087,21.8339736908696,10.6521739130435,14,10,20.4391304347826,21.3130434782609,19.5173913043478,0.209852741188696,0.0656513761286956,0.275504117317391,0.0822935463784599,"Spring",0,0,0
"80",80,16.7073913043478,18.6130434782609,0,0,22.9060431,20.3342090430435,10.4782608695652,13.9565217391304,10,19.9652173913043,21.2652173913043,19.595652173913,0.226025560733478,0.108214794740435,0.334240355465217,0.0649583357538101,"Spring",0,0,0
"81",81,15.7821739130435,17.4108695652174,0,0,26.486911626087,24.0920577095652,10.2173913043478,13.7391304347826,10,19.4652173913043,20.9913043478261,19.5826086956522,0.545225810513044,0.0327686831695652,0.577994493682609,0.335636744833228,"Spring",0,0,0
"82",82,8.45726086956522,9.43847826086957,0,0,48.2134941378261,47.0347772634783,10,13.0869565217391,10,17.7608695652174,19.1565217391304,19.1,0.355986222047826,0.0547443450678261,0.410730567113043,0.141308858461512,"Spring",0,0,0
"83",83,6.90904347826087,8.4544347826087,0,0,35.5305133826087,33.3608003413043,10.1304347826087,12.9565217391304,9.91304347826087,16.6304347826087,17.5217391304348,18.2695652173913,0.243661851403913,0.0839858827826087,0.327647734186957,0.136666411254557,"Spring",0,0,0
"84",84,10.7560434782609,12.4069565217391,0,0,29.6952230773913,27.1733502869565,10.1739130434783,12.9130434782609,10,17.3739130434783,18.1304347826087,18.1652173913043,0.431600131614348,0.0532491196695652,0.484849251282609,0.220107714887319,"Spring",0,0,0
"85",85,9.5395,11.2961818181818,0,0,36.7229737795455,33.6678336,10,12.9545454545455,10,18.0181818181818,18.7727272727273,18.4272727272727,0.346565267167591,0.0699458415772727,0.416511108745455,0.074571454730269,"Spring",0,0,0
"86",86,11.2672727272727,12.8122727272727,0,0,34.2705519486364,31.6619944459091,10,12.9545454545455,10,17.6136363636364,18.6772727272727,18.5363636363636,0.531783655683182,0.0254326387727273,0.557216294454545,0.143506278846502,"Spring",0,0,0
"87",87,7.48031818181818,8.58095454545455,2.286,3,52.728691405,50.7267345572727,10,12.4090909090909,9.95454545454546,16.5545454545455,17.3681818181818,18.1818181818182,0.384031124361364,0.117489978076364,0.50152110245,0.155854367794844,"Spring",0,0,0
"88",88,8.31809090909091,10.0433636363636,0,0,43.3775556809091,39.4019719313636,10,12.3181818181818,9.68181818181818,16.0545454545455,16.1681818181818,17.6954545454545,0.515570444268182,0.09061763805,0.606188082309091,0.150978950962283,"Spring",0,0,0
"89",89,12.7722727272727,14.275,0,0,25.0179942481818,22.5024767840909,10.1363636363636,12.4090909090909,9.36363636363636,17.2136363636364,17.5272727272727,17.9136363636364,0.856131454808182,0.106203969585909,0.9623354244,0.286455318535861,"Spring",0,0,0
"90",90,10.0343181818182,10.8444545454545,0,0,22.4573671422727,21.8982873218182,10,12.1363636363636,9.22727272727273,16.6272727272727,17.4727272727273,17.8409090909091,0.912849572409,0.106333506472136,1.01918307888182,0.740068143525094,"Spring",0,0,0
"91",91,5.10347826086957,6.023,0,0,49.8789489952174,49.2695762530435,9.95652173913044,12,9,15.0608695652174,15.9217391304348,17.1260869565217,0.438684970902609,0.0426241638652174,0.481309134769565,0.028332111680783,"Spring",0,0,0
"92",92,6.79131818181818,8.39190909090909,0,0,49.6162864386364,46.9954743804545,9.90909090909091,12.1818181818182,9,16.1181818181818,16.4954545454545,17.2,0.312410977687273,0.149225017069545,0.461635994759091,0.0686453554506486,"Spring",0,0,0
"93",93,10.1740454545455,11.7704545454545,0,0,34.07914045,31.0350038604545,9.95454545454546,12.1818181818182,9,17.0045454545455,17.6454545454545,17.6727272727273,0.610652757636364,0,0.610652757636364,0.365689981052994,"Spring",0,0,0
"94",94,8.56845454545455,10.0244090909091,0,0,27.6085939036364,25.9575263881818,9.86363636363636,12.0454545454545,9,17.3181818181818,17.9590909090909,18.0181818181818,0.296653887586818,0.0939539532477273,0.390607840831818,0.134413257603315,"Spring",0,0,0
"95",95,11.0871363636364,12.9904545454545,0,0,19.5916130227273,17.6517470427273,9.5,12.1363636363636,9,17.3363636363636,18.1909090909091,18.1181818181818,0.214860159208182,0.120749637327273,0.335609796531818,0.0500442466682496,"Spring",0,0,0
"96",96,13.7681818181818,16.29,0,0,17.8009927893182,15.1137567067727,9.72727272727273,12.1363636363636,9,18.1227272727273,19.2090909090909,18.3363636363636,0.263461189240909,0.0845711835363636,0.348032372772727,0.0663110977752249,"Spring",0,0,0
"97",97,15.1186363636364,17.0886363636364,0,0,16.2544892944545,14.7080577849545,9.68181818181818,12.2272727272727,9,18.75,19.9545454545455,18.7818181818182,0.223639219015909,0.0846430679504545,0.308282286963636,0.065909663871075,"Spring",0,0,0
"98",98,15.0763636363636,16.6181818181818,0,0,11.6899985331818,11.1513910730909,9.68181818181818,12.2272727272727,9,19.0954545454545,20.6,19.3454545454545,0.239570819937273,0.147804330286364,0.387375150231818,0.265504649763801,"Spring",0,0,0
"99",99,10.9553181818182,12.7768181818182,0,0,19.6873708845455,17.9508065713636,9.5,12,9,18.2409090909091,19.9681818181818,19.3136363636364,0.235393868401818,0.0799068766254546,0.315300745022727,0.209890192625351,"Spring",0,0,0
"100",100,11.2637727272727,13.1209090909091,0,0,18.2403154569545,16.9221452261818,9.40909090909091,11.8181818181818,9,18.1090909090909,19.7545454545455,19.1090909090909,0.178694362016364,0.0952251700081818,0.273919532022727,0.205690845505628,"Spring",0,0,0
"101",101,14.9586363636364,16.7472727272727,0,0,11.3640599170455,10.7767651134545,9.5,11.9090909090909,8.95454545454546,19.15,20.6545454545455,19.4181818181818,0.257806518337227,0.0327148237863636,0.290521342122727,0.113101587686037,"Spring",0,0,0
"102",102,14.48,16.6122727272727,0,0,15.1928203159091,13.3701045813636,9.59090909090909,12.1363636363636,8.90909090909091,20.4727272727273,21.7545454545455,20.0136363636364,0.155489539934545,0.0773721621972727,0.232861702122727,0.06084353698154,"Spring",0,0,0
"103",103,15.995,17.9418181818182,0,0,16.3217498427273,14.4152738695455,9.59090909090909,12.2272727272727,8.86363636363636,21.1136363636364,22.4681818181818,20.6818181818182,0.148901301739545,0.0313588924045455,0.180260194140909,0.112511819129537,"Spring",0,0,0
"104",104,15.2890909090909,16.9509090909091,0,0,18.5442896904545,16.8766938404545,9.45454545454546,12.1363636363636,8.68181818181818,21.15,22.8,21.0227272727273,0.0622407077931818,0.057745396285,0.119986104077273,0.109872992190557,"Spring",0,0,0
"105",105,14.2261904761905,16.5247619047619,0,0,23.9005294957143,20.9897071,9.38095238095238,12,8.33333333333333,21.3380952380952,23.0142857142857,21.2190476190476,-0.00411694455238095,0.0567550674238095,0.0526381228714286,0.00648044385105371,"Spring",0,0,0
"106",106,14.5761904761905,16.6571428571429,0,0,16.841076102381,14.7868582285714,9.38095238095238,11.952380952381,8.14285714285714,21.4142857142857,23.1190476190476,21.4095238095238,0.0614141295761905,0,0.0614141295761905,0.00949661411549281,"Spring",0,0,0
"107",107,14.697619047619,16.5852380952381,0,0,16.7404119585714,15.0002344266667,9.42857142857143,11.8571428571429,8,22.0333333333333,23.352380952381,21.6666666666667,0.0673254142280952,0.144497651814286,0.211823066041429,0.297195587363385,"Spring",0,0,0
"108",108,15.6252380952381,17.492380952381,0,0,19.5470211814286,17.4938717052381,9.42857142857143,11.952380952381,8,22.9714285714286,23.852380952381,22.1142857142857,0.194167101353333,0.0408289545904762,0.234996055947143,0.25106785670458,"Spring",0,0,0
"109",109,15.35,17.1242857142857,0,0,24.590966527619,22.3204819833333,9.47619047619048,12,8,23.7619047619048,24.4047619047619,22.6428571428571,0.0624656474514286,0.11072662642381,0.173192273854286,0.144779177841243,"Spring",0,0,0
"110",110,14.4014285714286,16.3619047619048,0,0,23.4370275707143,20.9932923977143,9.38095238095238,11.9047619047619,8,23.5857142857143,24.4238095238095,22.9761904761905,0.0537717490390476,0.114296218147619,0.168067967180952,0.0398555642464585,"Spring",0,0,0
"111",111,15.0047619047619,17.317619047619,0,0,14.3974202118571,12.7861901929524,9.33333333333333,11.8095238095238,8,23.352380952381,24.4095238095238,23.0666666666667,0.25469224124,0.0152274509114286,0.269919692147619,0.0981948177925284,"Spring",0,0,0
"112",112,16.6752380952381,18.9295238095238,0,0,12.0406354911429,10.9273220615714,9.38095238095238,11.7619047619048,8,23.9619047619048,24.9238095238095,23.2333333333333,0.224224876794762,0.129995878480952,0.354220755290476,0.0928335302260855,"Spring",0,0,0
"113",113,17.1671428571429,18.95,0,0,13.632752307381,12.7849730311429,9.33333333333333,11.9047619047619,8,24.2619047619048,25.5428571428571,23.4904761904762,0.448906132619048,0,0.448906132619048,0.0856994298011926,"Spring",0,0,0
"114",114,16.6966666666667,18.1066666666667,0,0,14.9848495822381,13.8793225790476,9.28571428571429,11.8571428571429,8,23.4333333333333,25.0666666666667,23.4428571428571,0.526964331323809,0,0.526964331323809,0.0883268252362325,"Spring",0,0,0
"115",115,14.852380952381,15.717619047619,0,0,28.9732129904762,27.9358856252381,9.19047619047619,11.6190476190476,8,22.8619047619048,24.2285714285714,23.1952380952381,0.5439103056,0,0.5439103056,0.0397842472712756,"Spring",0,0,0
"116",116,13.0057142857143,14.4309523809524,0,0,32.4553955085714,30.3379390128571,9.28571428571429,11.3333333333333,8,22.6666666666667,23.5666666666667,22.9428571428571,0.57945400252381,0,0.57945400252381,0.121083053339976,"Spring",0,0,0
"117",117,15.9519047619048,17.1028571428571,0,0,29.8620020209524,28.14162508,9.33333333333333,11.4761904761905,8,23.3095238095238,23.9761904761905,23.0428571428571,0.720712367133333,0,0.720712367133333,0.128275593015913,"Spring",0,0,0
"118",118,14.6619047619048,15.3390476190476,0,0,36.5163850061429,36.0478212933333,9.19047619047619,11.0952380952381,8,22.6857142857143,23.7857142857143,22.9666666666667,0.745538856404762,0.00903077170104762,0.754569628109524,0.197609543244203,"Spring",0,0,0
"119",119,8.98871428571429,10.1247619047619,0,0,17.488043082381,16.7360780333333,9.19047619047619,11,8,21.6238095238095,22.5142857142857,22.7142857142857,0.386572704804762,0.102353127938095,0.488925832747619,0.100956410205731,"Spring",0,0,0
"120",120,10.5039047619048,12.3314285714286,0,0,19.4443958518095,17.849567154619,9.14285714285714,10.8571428571429,7.71428571428571,21.3666666666667,22.1714285714286,22.5714285714286,0.278880776363333,0.0687277648547619,0.347608541214286,0.0358308908601059,"Spring",0,0,0
"121",121,13.7266666666667,15.8152380952381,0,0,13.8830687927619,12.4585671802857,9.28571428571429,11.2857142857143,7.66666666666667,22.6619047619048,23.3809523809524,22.7428571428571,0.186264231807143,0.0859736475666667,0.272237879371429,0.129567217738614,"Spring",0,0,0
"122",122,16.3490476190476,17.9319047619048,0,0,13.6931078290476,12.699847017619,9.19047619047619,11.1904761904762,7.76190476190476,23.6285714285714,24.3761904761905,23.2,0.232147395604762,0,0.232147395604762,0.107445442713787,"Spring",0,0,0
"123",123,17.2880952380952,19.2252380952381,0,0,18.572231742381,16.3986910709524,9.42857142857143,11.4761904761905,7.95238095238095,25.0095238095238,25.4857142857143,23.747619047619,0.212709544171429,0.00477767838095238,0.217487222552381,0.0622429892570718,"Spring",0,0,0
"124",124,19.8133333333333,21.5228571428571,0,0,18.254556002381,16.3395714390476,9.42857142857143,11.4761904761905,8,26.4238095238095,26.8809523809524,24.4809523809524,0.185923606615571,0.0698839007571429,0.255807507371429,0.091068411687184,"Spring",0,0,0
"125",125,20.747619047619,22.3057142857143,0,0,19.2456783619048,17.4873826885714,9.33333333333333,11.5714285714286,8,26.9809523809524,27.5857142857143,25.1095238095238,0.193077294633333,0.0692049675,0.262282262133333,0.0547990970026255,"Spring",0,0,0
"126",126,19.247619047619,20.2419047619048,0,0,28.008262872381,26.7144086738095,9.23809523809524,11.4761904761905,8,26.2285714285714,27.4285714285714,25.3142857142857,0.237491102237619,0.0564694211695238,0.2939605234,0.195557336920915,"Spring",0,0,0
"127",127,12.5185714285714,13.3242857142857,0,0,50.4192601538095,49.6244579190476,9.04761904761905,11,7.80952380952381,23.6047619047619,25.652380952381,24.852380952381,0.18624314626,0.10293970492381,0.289182851195238,0.191208819949958,"Spring",0,0,0
"128",128,11.3861904761905,12.0019047619048,0,0,57.3069879242857,56.6626619261905,9,10.952380952381,7.23809523809524,22,23.7047619047619,23.8904761904762,0.270821116424429,0.0312284568751905,0.3020495733,0.190199386220499,"Spring",0,0,0
"129",129,6.50290476190476,7.13685714285714,0.508,1,78.2048227914286,76.7743458319048,9,10.2380952380952,7.04761904761905,18.3666666666667,20.9857142857143,22.647619047619,0.10291556398681,0.139810762002286,0.242726325952381,0.34219947160979,"Spring",0,0,0
"130",130,6.67405,8.052,0,0,69.6834311795,66.0840688835,8.9,10,7,16.285,18.765,21.03,0.1492772972,0.015572839105,0.164850136305,0.0728913421279096,"Spring",0,0,0
"131",131,12.3138,13.9405,0,0,44.280481871,41.069054437,9.45,10.4,7,19.115,20.38,20.995,0.1607341675305,0.038698766207,0.199432933735,0.0972785858335719,"Spring",0,0,0
"132",132,17.237,18.9175,0,0,31.8816441715,29.2653989505,9.75,10.45,7,22.54,23.41,22.165,0.182444004365,0.0599477508175,0.24239175518,0.131409788660231,"Spring",0,0,0
"133",133,18.2025,19.628,0,0,24.0530278315,22.177064998,9.95,11,7,24.19,25.46,23.295,0.1873887487565,0.0335806197375,0.2209693685,0.150308715714689,"Spring",0,0,0
"134",134,17.0047368421053,18.2015789473684,0,0,24.6593906194737,23.3017430957895,9.68421052631579,10.9473684210526,7,24.1473684210526,25.9473684210526,23.9052631578947,0.0868216442121053,0.0696336219342105,0.156455266147368,0.015963718552277,"Spring",0,0,0
"135",135,15.3131578947368,16.2342105263158,0,0,30.9509204263158,29.9488029184211,9.36842105263158,10.9473684210526,7,23.5789473684211,25.5736842105263,23.8842105263158,0.165272674878947,0,0.165272674878947,0.0194986894231794,"Spring",0,0,0
"136",136,11.67,12.488,0,0,47.7986309455,47.181355566,9.05,10.6,7,22.075,24.22,23.58,0.1604057298,0,0.1604057298,0.0129193126449395,"Spring",0,0,0
"137",137,11.6117894736842,12.9263157894737,0,0,31.4528796005263,29.9852096210526,9.21052631578947,10.4736842105263,7,21.3631578947368,23.6368421052632,23.0736842105263,0.233365314447368,0,0.233365314447368,0.151355822817424,"Spring",0,0,0
"138",138,13.0473684210526,14.0752631578947,0,0,29.6331904278947,28.3229046705263,9.21052631578947,10.4210526315789,7,23.3,24.4631578947368,23.4157894736842,0.282473114043684,0.0795826746257895,0.362055788673684,0.167158164442267,"Spring",0,0,0
"139",139,12.4589473684211,13.8426315789474,0,0,17.2142514673684,16.1328710710526,9.1578947368421,10.5789473684211,7,23.9368421052632,24.7736842105263,23.9368421052632,0.0781838401210526,0.182727046931579,0.260910887052632,0.113570195354192,"Spring",0,0,0
"140",140,14.3426315789474,16.1336842105263,0,0,17.636539448,16.5413080660526,9.21052631578947,10.4736842105263,7,24.3052631578947,25.4526315789474,24.2473684210526,0.0211020819878947,0.128159112986316,0.149261195010526,0.0593711091737567,"Spring",0,0,0
"141",141,17.7163157894737,19.4410526315789,0,0,14.103373598,13.0694724111579,9.26315789473684,10.6842105263158,7,25.7526315789474,26.7052631578947,24.7473684210526,0.0620862603405263,0.0501400281805263,0.11222628852,0.105303223774334,"Spring",0,0,0
"142",142,18.7694736842105,21.0231578947368,0,0,13.2117609854737,11.816272285,9.21052631578947,10.8421052631579,7.05263157894737,26.9473684210526,27.6368421052632,25.4789473684211,0.0702883937726316,0.0659334516263158,0.136221845398947,0.129606545049739,"Spring",0,0,0
"143",143,19.7342105263158,22.0315789473684,0,0,13.6601752473684,12.0914532078947,9.36842105263158,10.8947368421053,7,27.8263157894737,28.2894736842105,26.1210526315789,0.0985692100052632,0.0610884943157895,0.159657704315789,0.0968614934513474,"Spring",0,0,0
"144",144,21.0531578947368,22.83,0,0,12.8709431883158,11.8108311291053,9.31578947368421,10.8421052631579,7.36842105263158,28.4684210526316,29.0578947368421,26.6894736842105,0.284131405694737,0.0381999990052632,0.3223314047,0.168015756347275,"Spring",0,0,0
"145",145,20.2142105263158,21.4057894736842,0,0,15.9842286478947,14.8437734015789,9.10526315789474,10.8947368421053,7.63157894736842,28.1421052631579,29.1684210526316,26.9473684210526,0.251024249613684,0.0707348451331053,0.321759094742105,0.136054617656408,"Spring",0,0,0
"146",146,18.8594736842105,19.8484210526316,0,0,21.0925747715789,20.1358224952632,9.10526315789474,10.7368421052632,7.36842105263158,27.3157894736842,28.8789473684211,26.8,0.152429106456489,0.111508459052105,0.263937565505263,0.073806475209071,"Spring",0,0,0
"147",147,18.1552631578947,19.7389473684211,0,0,17.0511838594211,16.2140594774211,9.10526315789474,10.5789473684211,7.26315789473684,26.8947368421053,28.7526315789474,26.6947368421053,0.215925459678947,0.0193732810094737,0.235298740689474,0.0771550005605128,"Spring",0,0,0
"148",148,19.0936842105263,20.8910526315789,0,0,10.4290314493158,10.0967342670526,9.21052631578947,10.4210526315789,7.21052631578947,26.9368421052632,28.8105263157895,26.7315789473684,0.188960144805263,0.0301519955115789,0.219112140321053,0.0277111346139976,"Spring",0,0,0
"149",149,19.8278947368421,21.8421052631579,0,0,11.6508795213158,10.9021438956842,9.10526315789474,10.3684210526316,7.05263157894737,27.0947368421053,28.8473684210526,26.8526315789474,0.0879822342768421,0.11415082271,0.202133056984211,0.0149925769535257,"Spring",0,0,0
"150",150,18.9963157894737,20.1515789473684,0,0,31.1590554868421,29.4338698336842,9,10,8.42105263157895,26.3736842105263,27.9368421052632,26.7526315789474,0.241130154431053,0.0789597671584211,0.320089921589474,0.384731605617121,"Spring",0,0,0
"151",151,19.0010526315789,20.15,0,0,29.7891503326316,28.3040363542105,9.1578947368421,10,9.68421052631579,26.8894736842105,27.7210526315789,26.5526315789474,0.185909499158947,0.0254427423652632,0.211352241531579,0.128725637359218,"Spring",0,0,0
"152",152,18.8,20.2352631578947,0,0,16.6650227878947,15.6157145405263,9,10,9.47368421052632,26.1052631578947,27.6842105263158,26.4947368421053,0.120844969950526,0.0412260871421053,0.162071057094737,0.0812118944680907,"Spring",0,0,0
"153",153,19.4878947368421,21.0821052631579,0,0,21.4870045215789,19.7657472484211,9.26315789473684,10,9.21052631578947,27.1736842105263,28.2894736842105,26.4578947368421,0.0953280982936842,0.0371500339463158,0.132478132236842,0.0134194483618894,"Spring",0,0,0
"154",154,21.8873684210526,23.54,0,0,26.4046829063158,23.9052414889474,9.31578947368421,10.2105263157895,9.73684210526316,29.6315789473684,29.8052631578947,27.2894736842105,0.154807373196316,0.0327516170526316,0.187558990242105,0.0947306591357147,"Spring",0,0,0
"155",155,22.7547368421053,24.4131578947368,0,0,21.9877586436842,19.7319245715789,9.26315789473684,10.1578947368421,10,29.9157894736842,30.2631578947368,27.9157894736842,0.212347692852632,0.0307799955521053,0.2431276884,0.156671495401238,"Spring",0,0,0
"156",156,22.8189473684211,24.4289473684211,0,0,20.9944098747368,18.8663429278947,9.31578947368421,10.1578947368421,9.94736842105263,30.4368421052632,30.8578947368421,28.3052631578947,0.256042925631579,0.00627084461578947,0.262313770247368,0.12201916647917,"Spring",0,0,0
"157",157,23.3673684210526,24.9152631578947,0,0,25.8152014694737,23.4759661515789,9.26315789473684,10.1052631578947,9.94736842105263,30.8210526315789,31.2421052631579,28.7473684210526,0.230172932443684,0.0408260956578947,0.2709990281,0.113945888962656,"Spring",0,0,0
"158",158,22.2905263157895,23.4515789473684,0,0,34.9886098084211,32.0751062005263,9,9.63157894736842,9.78947368421053,27.7473684210526,29.0315789473684,28.5578947368421,0.170817356494579,0.116012982531579,0.286830339047368,0.201409727649728,"Spring",0,0,0
"159",159,21.6894736842105,23.3489473684211,0,0,35.4774452036842,31.3920419984211,9.42105263157895,9.47368421052632,9,26.9947368421053,27.9315789473684,27.6263157894737,0.159268494199474,0.0545493472921053,0.213817841489474,0.0804846813584885,"Spring",0,0,0
"160",160,22.5568421052632,23.8394736842105,0,0,25.7243924189474,23.6228465163158,9.42105263157895,9.63157894736842,9,29.3578947368421,29.8210526315789,28.0210526315789,0.217257985373684,0.0256483200683684,0.242906305442105,0.0967120592150754,"Spring",0,0,0
"161",161,20.9742105263158,22.5857894736842,0,0,18.6634190296842,17.2033375220526,9.31578947368421,10,9.36842105263158,29.6263157894737,30.9210526315789,28.5684210526316,0.128970751883737,0.0499985647673684,0.178969316652632,0.0243776982318714,"Spring",0,0,0
"162",162,20.1378947368421,21.2452631578947,0,0,16.0673205836842,15.0054699421053,9.21052631578947,9.89473684210526,9.21052631578947,28.8157894736842,30.7842105263158,28.5368421052632,0.100799139564105,0.0839633283047368,0.184762467873684,0.0739814550527166,"Spring",0,0,0
"163",163,19.5910526315789,20.7431578947368,0,0,26.5543711957895,24.9365485568421,9.21052631578947,9.8421052631579,9,29.1368421052632,30.8526315789474,28.5,0.234500268924737,0.0113915097110526,0.245891778631579,0.155340376778472,"Spring",0,0,0
"164",164,18.1947368421053,19.6263157894737,0,0,16.3942771088947,15.6358084650526,9.26315789473684,9.78947368421053,9.21052631578947,29.6631578947368,30.9894736842105,28.7421052631579,0.139291632115789,0.0570332452005263,0.196324877321053,0.108547987922316,"Spring",0,0,0
"165",165,20.1978947368421,22.2226315789474,0,0,7.70935454457895,7.66990592294737,9.26315789473684,9.68421052631579,9.05263157894737,29.8473684210526,31.2315789473684,28.9684210526316,0.164589519315789,0.0165597689894737,0.181149288305263,0.0672778170055065,"Spring",0,0,0
"166",166,22.5242105263158,25.0284210526316,0,0,4.84891305931579,5.190125889,9.31578947368421,9.68421052631579,9.05263157894737,30.4105263157895,31.9526315789474,29.2210526315789,0.146536981196353,0.0428347874157895,0.189371768621053,0.0626985772523072,"Spring",0,0,0
"167",167,21.5705263157895,23.9484210526316,0,0,7.09198970105263,7.10419831315789,9.21052631578947,9.63157894736842,9.05263157894737,30.7578947368421,32.1368421052632,29.5473684210526,0.175654342673684,0,0.175654342673684,0.0579149623484032,"Spring",0,0,0
"168",168,21.8636842105263,23.9147368421053,0,0,11.9369463767895,10.9077861572632,9.31578947368421,9.68421052631579,9,31.4105263157895,32.3684210526316,29.8473684210526,0.175313691568421,0,0.175313691568421,0.059786644356904,"Spring",0,0,0
"169",169,23.6968421052632,25.3036842105263,0,0,13.1427239637368,12.1785533254211,9.36842105263158,9.63157894736842,9.10526315789474,32.5631578947368,33.0947368421053,30.2315789473684,0.201789164164737,0.0612575764652632,0.263046740626316,0.155245132242906,"Spring",0,0,0
"170",170,26.3663157894737,27.9778947368421,0,0,15.2494081910526,13.5745974947368,9.47368421052632,9.63157894736842,9.42105263157895,34.1,34.0315789473684,30.7947368421053,0.239905062591579,0.0200449738736842,0.259950036463158,0.282033138389167,"Spring",0,0,0
"171",171,28.6663157894737,29.81,0,0,20.0148744994737,18.0885586463158,9.47368421052632,9.89473684210526,10,35.8157894736842,35.0473684210526,31.6368421052632,0.106557336526316,0.184683047763158,0.291240384284211,0.113859390472762,"Spring",0,0,0
"172",172,26.9273684210526,28.4552631578947,0,0,27.2128139078947,23.6176317526316,9.1578947368421,9.47368421052632,9.78947368421053,31.1631578947368,32.4842105263158,31.6473684210526,1.03864948014421,0.0393998930673684,1.07804937321053,1.19071022107085,"Spring",0,0,0
"173",173,25.8552631578947,27.0847368421053,0,0,33.5482518973684,29.8827089321053,9.73684210526316,9.10526315789474,9.31578947368421,29.3789473684211,30.2473684210526,30.3315789473684,0.577053383911579,0.125420712851579,0.702474096747368,0.233880147499475,"Spring",0,0,0
"174",174,25.7263157894737,27.0984210526316,0,0,30.3378876084211,27.2568164884211,10.4736842105263,9.42105263157895,9.26315789473684,31.4210526315789,31.6684210526316,30.3947368421053,0.498628632289474,0.396829664742105,0.895458296968421,0.204604026034224,"Spring",0,0,0
"175",175,25.7805263157895,26.8378947368421,0,0,28.7403582284211,26.6963872163158,10.4736842105263,9.47368421052632,9.57894736842105,32.8526315789474,32.9421052631579,30.7789473684211,1.00567915262105,0.280413780602632,1.28609293315789,0.344730332895119,"Spring",0,0,0
"176",176,23.2173684210526,24.1784210526316,0,0,46.2205703663158,43.7155708521053,17.6842105263158,9.89473684210526,9.47368421052632,29.1368421052632,30.6578947368421,30.8157894736842,1.47941539267368,0.311694949756316,1.79111034247368,1.30709574347877,"Spring",0,0,0
"177",177,22.0494736842105,23.4068421052632,0,0,49.8908152378947,46.2558492078947,23.2631578947368,14.4736842105263,9,24.6894736842105,26.3263157894737,28.8526315789474,1.81898428857368,0.123484558578947,1.94246884715789,0.598653600858409,"Spring",0,0,0
"178",178,23.7442105263158,25.5168421052632,0,0,30.2731521131579,25.4255000410526,20.7894736842105,16.1052631578947,9.10526315789474,25.8736842105263,27.1368421052632,28.2210526315789,1.15554786406316,0.290105883489474,1.44565374763158,0.218841450891594,"Spring",0,0,0
"179",179,23.2515789473684,24.5310526315789,0,0,36.0758863168421,33.1504217068421,19.3684210526316,15.7368421052632,9.47368421052632,27.1315789473684,28.8842105263158,28.9263157894737,1.23220398428161,0.164900851210526,1.39710483552632,0.349821024186852,"Spring",0,0,0
"180",180,22.8189473684211,24.4073684210526,0,0,30.6505582015789,27.3113939547368,18.3684210526316,14.9473684210526,10,28.3263157894737,30.2789473684211,29.5210526315789,1.07577488416842,0.0609111489736842,1.13668603313684,0.306773633497073,"Spring",0,0,0
"181",181,22.4736842105263,24.9152631578947,0,0,11.4270786118421,9.43816771915789,17.1578947368421,14,10.4736842105263,28.3210526315789,30.9052631578947,29.9315789473684,0.654859144463158,0.142796870678947,0.797656015136842,0.0606451794552889,"Spring",0,0,0
"182",182,24.3484210526316,26.4231578947368,0,0,9.4653390661579,8.60517798626316,16.2105263157895,13.2631578947368,11,28.9631578947368,31.6105263157895,30.1315789473684,0.764949966015789,0.00119354468421053,0.7661435107,0.125775362489167,"Summer",0,0,0
"183",183,22.4126315789474,23.8152631578947,0,0,29.9462655073684,27.6225427731579,15.4210526315789,12.7894736842105,11,28.2421052631579,30.7157894736842,30.1,0.445079609104263,0.348865823661579,0.793945432836842,0.258159376727832,"Summer",0,0,0
"184",184,20.952,22.3305,3.683,3,48.698228951,44.270098909,22.9,21.55,16.1,25.27,27.725,29.44,0.67534833476,0.253792606089,0.929140940825,0.332806359668274,"Summer",0,0,0
"185",185,22.4010526315789,23.48,0,0,47.5784592989474,44.0891847163158,25.4736842105263,27.1052631578947,22.2631578947368,24.1473684210526,25.7578947368421,27.7052631578947,1.44023913600579,0.131682829089474,1.57192196508421,0.748011118850973,"Summer",0,0,0
"186",186,23.7636842105263,25.1226315789474,0,0,38.9480028047368,34.6473055457895,21.8947368421053,23.2105263157895,20.5263157894737,25.5105263157895,27.2105263157895,27.6,1.53832791882105,0.154556176431579,1.69288409521053,0.567411359329798,"Summer",0,0,0
"187",187,23.75,25.6478947368421,0,0,41.1309304352632,35.7286807463158,20.4210526315789,21.2631578947368,19.8947368421053,27.6210526315789,28.8947368421053,28.5578947368421,1.23383954295263,0.4433307864,1.67717032936842,0.342296214701862,"Summer",0,0,0
"188",188,24.7889473684211,26.2963157894737,0,0,32.1260778842105,28.0778377031579,18.9473684210526,19.2631578947368,19.0526315789474,28.6631578947368,29.9789473684211,29.4263157894737,1.8406142481,0.360154940847368,2.20076918889474,0.405929601476211,"Summer",0,0,0
"189",189,23.4578947368421,24.6,0,0,44.6658381289474,41.3883040368421,17.8947368421053,17.5263157894737,18.5789473684211,29.4105263157895,30.6157894736842,29.8894736842105,2.15229679037368,0.146609248588421,2.29890603894737,0.292762869435652,"Summer",0,0,0
"190",190,21.1015789473684,22.4968421052632,0,0,60.4502628310526,55.5447080752632,19.8947368421053,18.7894736842105,18,26.8736842105263,28.3157894736842,29.2684210526316,2.38870585757895,0,2.38870585757895,0.366037077912113,"Summer",0,0,0
"191",191,19.7163157894737,20.8510526315789,0,0,72.8846734042105,67.8461692142105,21.7894736842105,20.4736842105263,17.5263157894737,24.4947368421053,25.5315789473684,27.6368421052632,2.36240837126842,0.110835082210526,2.47324345347368,0.595006168693178,"Summer",0,0,0
"192",192,20.2205,21.116,0,0,71.0307914965,67.5716747775,20.7,18.6,17.9,25.7,25.885,27.36,2.65849709247,0.1769405541045,2.8354376466,0.687604458208942,"Summer",0,0,0
"193",193,20.461,21.4535,0,0,72.041514294,67.7469864985,22.6,22.05,19.35,24.83,25.515,27.08,2.36026711973,0.313646448205,2.67391356795,0.551855008436091,"Summer",0,0,0
"194",194,17.9925,19.00125,23.495,5,81.00314452375,76.1848946279167,28.0416666666667,32.7916666666667,23.875,23.2916666666667,23.9416666666667,26.0916666666667,2.02528246041667,0.208002469,2.23328492941667,0.110818905650636,"Summer",1,194,1
"195",195,20.7,21.673,0,0,66.4114953285,62.8652205845,26,30,25.45,23.445,23.97,25.82,2.366702734745,0.40128156562,2.76798430035,0.76706115676356,"Summer",0,0,0
"196",196,19.8255,20.9845,0.635,1,78.85259985,74.068512453,23.15,25.2,23.55,24.52,25.255,26.24,2.53884451392,0.20130233756,2.74014685145,1.47966361546358,"Summer",0,0,0
"197",197,18.5295,19.3245,0,0,89.726565035,84.774432543,21.55,23.55,22.35,24.22,25.2,26.345,2.3998365973,0.0100179019065,2.4098544992,0.967846984533965,"Summer",0,0,0
"198",198,18.485,19.493,0,0,86.7561414465,81.7700586645,23.35,25.65,22.25,22.97,24.08,25.57,2.0951655624,0,2.0951655624,0.222823041857375,"Summer",0,0,0
"199",199,18.596,19.607,0,0,82.299835228,78.090661604,24.25,26.5,23,23.36,24.13,25.31,1.93543028331,0.1528892908685,2.08831957415,0.529968684974686,"Summer",0,0,0
"200",200,18.86,19.892,0,0,77.508917263,73.1700651105,22.25,23.9,22.3,23.375,24.33,25.42,2.061661042005,0.11279280754,2.1744538496,0.889359766446421,"Summer",0,0,0
"201",201,18.489,19.3625,0,0,82.6453178815,79.0694076895,20.65,22.55,21.5,23.81,24.515,25.475,2.07397259148,0.0957797642,2.16975235565,1.0791349511965,"Summer",0,0,0
"202",202,19.196,20.169,0,0,85.193890252,80.9229322705,19.7,21.5,21,24.07,24.755,25.61,1.7617900682,0,1.7617900682,0.186655666766556,"Summer",0,0,0
"203",203,18.5014285714286,19.3795238095238,0.254,1,90.6545402390476,86.6430406266667,19,20.5238095238095,20.4285714285714,22.9238095238095,23.8619047619048,24.9047619047619,1.58054503042857,0,1.58054503042857,0.0590437521029162,"Summer",0,0,0
"204",204,18.3347619047619,19.0747619047619,0.508,1,93.2975882128571,89.2710293771429,19.4761904761905,20,20,22.8190476190476,23.452380952381,24.6095238095238,1.46682898740476,0.233398584285714,1.70022757171429,0.712501404148598,"Summer",0,0,0
"205",205,18.872,19.8655,0,0,89.096095061,84.581622701,19.6,19.5,19.85,23.185,23.665,24.725,1.76497461395,0,1.76497461395,0.760300273457915,"Summer",0,0,0
"206",206,20.618,21.9495,0,0,76.0182280575,70.8119299865,18.75,18.55,19.15,24.56,24.57,25.22,1.459946528565,0.22822263964,1.68816916815,0.157776691938571,"Summer",0,0,0
"207",207,21.064,22.4775,0,0,75.102446408,68.6701480135,21.7,22.6,19.5,24.71,25.015,25.805,1.674407731905,0.04768738741,1.7220951193,0.0235694158502221,"Summer",0,0,0
"208",208,19.2409090909091,20.4086363636364,8.382,6,81.4958084272727,76.154380905,25.8636363636364,27.9090909090909,21,23.8363636363636,24.3545454545455,25.4818181818182,1.65144232935,0.171431207404545,1.82287353677273,0.648948455831007,"Summer",1,208,1
"209",209,16.8126086956522,17.8652173913043,5.207,7,89.1013605869565,83.9869644830435,28.4782608695652,33.1304347826087,24.304347826087,23.1869565217391,23.6130434782609,25.2695652173913,1.39703740156522,0.145028112,1.54206551356522,0.365866323170712,"Summer",1,209,1
"210",210,17.4366666666667,18.38,0.762,2,91.766008952381,86.8551754638095,27.3809523809524,31.4761904761905,25.6666666666667,22.7571428571429,23.1571428571429,24.8761904761905,1.77294899904762,0,1.77294899904762,1.08707948439608,"Summer",0,0,0
"211",211,18.588,19.4645,1.905,2,90.9640763635,86.7168535545,25.55,28.6,24.75,23.44,23.64,24.78,1.62175426335,0,1.62175426335,0.283150150619556,"Summer",0,0,0
"212",212,20.0847619047619,21.34,0,0,79.8786126380952,74.0433389938095,23.5238095238095,26.6666666666667,23.5238095238095,24.052380952381,24.3095238095238,25.0809523809524,2.43102811652381,0.00608630427619048,2.4371144207619,1.87725297038571,"Summer",0,0,0
"213",213,18.9145,19.6075,11.684,6,85.771216769,82.7191685105,26.95,31.1,24.5,23.98,24.235,25.15,1.88196873435,0,1.88196873435,0.785762106809552,"Summer",1,213,1
"214",214,19.1585,20.4105,0,0,82.6778015055,77.1259707955,26.75,31.5,25.85,23.095,23.5,24.83,1.9474279485,0.169134922194,2.11656287075,1.13026546700806,"Summer",0,0,0
"215",215,20.3895,21.786,0,0,73.9950336995,67.584538001,26.55,31.05,26.1,23.37,23.595,24.72,2.2345666484,0,2.2345666484,0.96100756838132,"Summer",0,0,0
"216",216,19.9825,21.4265,0,0,77.093840586,70.69441342,24.35,27.35,24.55,23.915,24.295,25.035,1.836316153535,0.09293434225,1.92925049575,0.305367627197028,"Summer",0,0,0
"217",217,20.2905,21.8915,0,0,71.025455885,64.8717373585,22.55,25.55,23.55,24.405,24.85,25.46,2.1284864765,0,2.1284864765,0.539070408924495,"Summer",0,0,0
"218",218,19.6615,21.5835,0,0,65.9260579635,58.899079314,20.95,23.8,22.55,24.9,25.32,26.015,2.02603342655,0,2.02603342655,0.34340622283967,"Summer",0,0,0
"219",219,20.653,23.0455,0,0,47.498499826,39.579101087,19.35,22.1,21.8,25.21,25.625,26.265,1.7242542919,0.3953191938,2.1195734858,0.164605054552135,"Summer",0,0,0
"220",220,22.4545,25.091,0,0,39.913374297,31.7579909655,17.7,20,21.05,25.915,26.15,26.52,2.3533436294,0,2.3533436294,0.217630626659987,"Summer",0,0,0
"221",221,22.3214285714286,24.3114285714286,0,0,50.4221868757143,43.6975704138095,16.952380952381,18.3333333333333,20.5238095238095,25.9666666666667,26.3,26.5666666666667,2.14832438877619,0.444376793609524,2.59270118238095,1.18444167208449,"Summer",0,0,0
"222",222,20.22,21.6309090909091,1.016,3,70.7359084704545,64.53070343,19.4545454545455,18.5909090909091,19.7727272727273,24.9590909090909,25.6636363636364,26.3409090909091,2.23826295777091,0.159197222318182,2.39746018009091,1.15578461361688,"Summer",0,0,0
"223",223,20.201,21.7435,0,0,72.1928168565,66.0737987505,22,22.8,19.15,24.06,24.87,25.83,1.927314272344,0.46706502745,2.3943792998,0.659788828380511,"Summer",0,0,0
"224",224,19.3871428571429,20.55,25.654,6,76.8433391447619,72.3212567133333,25.047619047619,26.5238095238095,20.047619047619,24.1285714285714,24.9428571428571,25.8809523809524,2.28228776480952,0.159210292238095,2.44149805704762,0.933760273675573,"Summer",1,224,1
"225",225,18.42,19.5985714285714,0,0,82.7108822633333,77.4561010333333,27.1428571428571,31.6666666666667,24.8095238095238,23.0952380952381,23.8142857142857,25.2666666666667,2.021231977,0.236295352142857,2.25752732919048,0.363279340227202,"Summer",0,0,0
"226",226,18.8395238095238,20.3728571428571,0,0,79.838056172381,73.2245594428571,23.8571428571429,27.047619047619,23.5238095238095,22.8619047619048,23.8428571428571,24.7142857142857,2.296449825,0,2.296449825,0.440884275631623,"Summer",0,0,0
"227",227,19.4028571428571,21.0861904761905,0,0,68.3815271266667,62.4396060147619,22.2857142857143,25.047619047619,22.5714285714286,22.7285714285714,23.9333333333333,24.5904761904762,1.96242984450952,0.396335323285714,2.35876516785714,0.152469701062026,"Summer",0,0,0
"228",228,18.5490476190476,20.7509523809524,0,0,53.6401117066667,45.9152428352381,20.5238095238095,23.2857142857143,21.952380952381,23.0047619047619,24.0142857142857,24.7380952380952,2.38312586114286,0.0258244690904762,2.4089503302381,0.322798204640886,"Summer",0,0,0
"229",229,20.3038095238095,22.9447619047619,0,0,35.2876169738095,28.0393573009524,19.2857142857143,21.5714285714286,21.0952380952381,23.8857142857143,24.3238095238095,25.0761904761905,2.63264592937619,0.102966464809524,2.73561239419048,0.193112151267013,"Summer",0,0,0
"230",230,20.41,23.0057142857143,0,0,34.3501444904762,27.3331499390476,17.8571428571429,19.8571428571429,20.5238095238095,24.5,24.7428571428571,25.3714285714286,2.84396062328571,0,2.84396062328571,0.248225210441221,"Summer",0,0,0
"231",231,19.2266666666667,20.4590476190476,0,0,67.5627985585714,64.2784103152381,17,18.5238095238095,20,24.2428571428571,24.8380952380952,25.4,2.65305119914286,0.326212215791395,2.979263415,0.950458982137948,"Summer",0,0,0
"232",232,18.2368181818182,19.515,0,0,72.4665186959091,68.3142716527273,16.5909090909091,18,19.3181818181818,23.7409090909091,24.5409090909091,24.9363636363636,2.66606791659091,0.0282056892409091,2.69427360581818,0.306155053432302,"Summer",0,0,0
"233",233,20.3928571428571,22.3309523809524,0,0,54.3743022304762,48.2131477633333,16.1428571428571,17.3333333333333,19,24.2333333333333,24.7571428571429,24.9380952380952,3.07964898133333,0.0884772085238095,3.16812618985714,0.43584486191675,"Summer",0,0,0
"234",234,21.9171428571429,23.837619047619,0,0,53.8037503542857,47.9695625380952,16,16.5238095238095,18.5238095238095,25.3857142857143,25.4714285714286,25.4904761904762,3.51761442242857,0.143540072809524,3.6611544952381,0.511053995872136,"Summer",0,0,0
"235",235,18.6530434782609,20.1634782608696,2.794,6,73.7165461352174,67.7512459556522,15.7826086956522,16,18,24.2130434782609,25.1347826086957,25.5,2.86757118991739,0.366150663086956,3.233721853,0.44926809733369,"Summer",0,0,0
"236",236,18.0995238095238,19.4780952380952,0,0,70.7626263371429,65.9950196071429,15.3809523809524,16,17.4285714285714,23.4190476190476,24.2666666666667,24.9095238095238,3.46869047609048,0.0789064649523809,3.54759694104762,0.83538202894915,"Summer",0,0,0
"237",237,20.1004761904762,22.3366666666667,0,0,62.2527210076191,54.2055280128571,15.047619047619,15.7619047619048,17,23.2047619047619,24.1238095238095,24.8190476190476,3.39738603480952,0,3.39738603480952,0.172981237075222,"Summer",0,0,0
"238",238,20.3695238095238,22.0247619047619,0,0,59.2904654842857,53.6618673819048,15.1428571428571,15.2857142857143,16.6666666666667,23.0333333333333,23.8428571428571,24.5571428571429,3.19407963985714,0,3.19407963985714,0.133781499248046,"Summer",0,0,0
"239",239,20.7695238095238,22.8480952380952,0,0,50.8776149447619,44.1039461752381,15.2380952380952,15.2857142857143,16,23.6714285714286,24.1428571428571,24.6619047619048,3.08454909219048,0,3.08454909219048,0.148398168337566,"Summer",0,0,0
"240",240,21.4138095238095,22.9557142857143,0,0,42.02369612,38.1500139957143,15.1428571428571,15,16,24.5047619047619,24.7619047619048,25.0142857142857,2.83847321257143,0,2.83847321257143,0.100858875522625,"Summer",0,0,0
"241",241,21.0038095238095,22.36,0,0,44.1977089342857,41.0005283871429,15.1428571428571,15,15.4761904761905,25.3,25.3619047619048,25.3952380952381,2.514094887,0.056836608312381,2.57093149533333,0.218973843808504,"Summer",0,0,0
"242",242,20.36,21.9052380952381,0,0,36.736802212381,33.5948896680952,15.047619047619,15,15,25.5428571428571,25.7285714285714,25.7047619047619,2.19581593360952,0.146114041102857,2.34192997466667,0.240584949621254,"Summer",0,0,0
"243",243,20.0840909090909,21.7768181818182,0,0,30.1509499818182,27.0389881118182,14.8636363636364,14.6818181818182,14.8181818181818,25.3363636363636,25.7318181818182,25.7909090909091,1.9953867925,0.0822627981345455,2.07764959068182,0.203846605863299,"Summer",0,0,0
"244",244,20.6431818181818,22.5190909090909,0,0,30.0152578359091,26.1902425004545,14.5909090909091,14.0909090909091,14.0909090909091,25.5772727272727,25.9090909090909,25.8636363636364,1.80124062279545,0.172754896409091,1.97399551927273,0.315450275381074,"Summer",0,0,0
"245",245,20.78,22.4390909090909,0,0,46.6355213363636,42.8943630572727,14,14,14,24.6227272727273,25.3909090909091,25.5545454545455,1.75823899586818,0.0633922787181818,1.82163127454545,0.226042705924594,"Summer",0,0,0
"246",246,21.0263636363636,22.8031818181818,0,0,44.8020716663636,40.4106594090909,14.1818181818182,14,14,24.8727272727273,25.4636363636364,25.2272727272727,1.42432542797727,0.200519320204545,1.62484474818182,0.1372560715491,"Summer",0,0,0
"247",247,21.204347826087,23.4573913043478,0,0,45.3190554634783,40.3268970208696,14.0869565217391,14,13.6086956521739,25.7782608695652,26.2391304347826,25.7826086956522,1.2203260577513,0.427343079347826,1.64766913717391,0.685595112451212,"Summer",0,0,0
"248",248,22.7095454545455,24.9154545454545,0,0,25.8589646768182,22.285381615,14,14,13.2727272727273,25.9636363636364,26.4272727272727,26.0454545454545,1.63321669374545,0.0521505214909091,1.68536721527273,0.340038035030947,"Summer",0,0,0
"249",249,20.564347826087,22.3765217391304,0,0,38.9741793869565,35.053685923913,14.0434782608696,14,13,26.4478260869565,26.7304347826087,26.2434782608696,1.55110676569565,0.00642312410869565,1.55752988982609,0.409499468521785,"Summer",0,0,0
"250",250,20.73,22.5821739130435,0,0,38.6883113182609,34.2540218304348,13.7391304347826,13.8260869565217,13,26.395652173913,26.8,26.3478260869565,1.32697305383478,0.15412687843913,1.48109993226087,0.379324160829517,"Summer",0,0,0
"251",251,18.9382608695652,20.3813043478261,0.381,1,56.7709413326087,52.9845037626087,13.3478260869565,13.304347826087,13,25.6608695652174,26.3782608695652,26.1913043478261,1.1702237056087,0.135647612913043,1.30587131847826,0.0689282976223042,"Summer",0,0,0
"252",252,18.3952173913043,19.5073913043478,0,0,71.9660012352174,68.4130106043478,13,13.0434782608696,13,24.9434782608696,25.7434782608696,25.7565217391304,1.47024910253913,0.114311017056957,1.58456011956522,0.695828635143292,"Summer",0,0,0
"253",253,20.8873913043478,22.3408695652174,0,0,49.1503405182609,45.4469212369565,13.0869565217391,13.0869565217391,12.7826086956522,25.7130434782609,25.9695652173913,25.7130434782609,1.48565216398261,0.113386934275217,1.59903909826087,0.287614486372506,"Summer",0,0,0
"254",254,21.325652173913,23.004347826087,0,0,39.29092307,35.6400412447826,13,13,12.3478260869565,26.5260869565217,26.6217391304348,26.1478260869565,1.50777389865217,0.0355727048782609,1.54334660347826,0.196162493305936,"Summer",0,0,0
"255",255,21.9069565217391,24.4860869565217,0,0,30.1274144030435,25.49073295,13,13,12.1304347826087,26.8434782608696,26.9695652173913,26.4826086956522,1.45972765147826,0,1.45972765147826,0.108550288789874,"Summer",0,0,0
"256",256,21.3586956521739,23.5486956521739,0,0,43.5407164717391,38.1351450952174,12.7391304347826,13,12.0869565217391,26.695652173913,26.9826086956522,26.6521739130435,1.16269921034826,0.0731022245391304,1.23580143491304,0.0539841469981516,"Summer",0,0,0
"257",257,19.9147826086957,21.4804347826087,0,0,52.0046695595652,48.4838692608696,12.2173913043478,13,12,26.604347826087,27.1521739130435,26.6,1.06466953689565,0.0413463190826087,1.10601585598261,0.293865482086509,"Summer",0,0,0
"258",258,18.6991304347826,19.8682608695652,0,0,64.2558601808696,62.1089514165217,12.0869565217391,13,12,25.6652173913043,26.8173913043478,26.404347826087,0.807072626000435,0.0532340986134783,0.860306724613043,0.142227383618432,"Summer",0,0,0
"259",259,18.5708695652174,19.9586956521739,0,0,63.5962540343478,60.3638318865217,12.0434782608696,12.9565217391304,12,25.2782608695652,26.3782608695652,26.0869565217391,0.715611056413043,0.0217636086626957,0.737374665073913,0.0469634304359706,"Summer",0,0,0
"260",260,18.7739130434783,20.7030434782609,0,0,52.1656480947826,47.4685097552174,12,12.8260869565217,11.9565217391304,24.9739130434783,26.0826086956522,25.8913043478261,0.635729272985217,0.116681925,0.752411197991304,0.170755148294557,"Summer",0,0,0
"261",261,19.7030434782609,21.5917391304348,0,0,44.7491048843478,40.7144621595652,11.9130434782609,12.6086956521739,11.9130434782609,24.9782608695652,25.9652173913043,25.7304347826087,0.722922419156522,0.0278360013230435,0.750758420478261,0.221198011344378,"Summer",0,0,0
"262",262,19.2404347826087,20.8608695652174,0,0,53.542040793913,50.1127238686957,11.6086956521739,12.4347826086957,11.8260869565217,25.1217391304348,25.9260869565217,25.6826086956522,0.728008751016522,0.0887028035391304,0.816711554556522,0.249023183195406,"Summer",0,0,0
"263",263,19.0065217391304,20.5069565217391,0,0,58.9654261821739,55.720367393913,11.5217391304348,12.304347826087,11.5217391304348,25.3260869565217,25.9695652173913,25.6782608695652,0.554917138343478,0.176981224043478,0.731898362347826,0.223489037356021,"Summer",0,0,0
"264",264,19.3626086956522,20.6265217391304,0,0,54.5399080421739,51.9010018795652,11.4782608695652,12.304347826087,11.3913043478261,25.5652173913043,26.1913043478261,25.8521739130435,0.623602572756522,0.103102485441739,0.726705058186957,0.0987374425998981,"Summer",0,0,0
"265",265,19.1669565217391,20.2,0,0,43.2405866286957,41.6966766130435,11.1739130434783,12.0869565217391,11.0869565217391,25.3695652173913,26.2217391304348,25.8304347826087,0.814426475813044,0.024975308336087,0.839401784147826,0.154357725931915,"Summer",0,0,0
"266",266,15.8760869565217,17.4191304347826,0,0,46.4388226126087,43.8638369156522,11,12,11.0869565217391,23.8086956521739,25.3391304347826,25.4173913043478,0.597689497091304,0.0543510168852174,0.652040513973913,0.189422797786182,"Summer",0,0,0
"267",267,13.3008695652174,15.2634782608696,0,0,29.1754626826087,26.2207062491304,11.0434782608696,11.9565217391304,11,22.5652173913043,23.9695652173913,24.6826086956522,0.593734440064783,0.0514968016913043,0.645231241756522,0.264648563444536,"Summer",0,0,0
"268",268,13.1121739130435,15.1321739130435,0,0,26.6155499726087,23.7052605221739,10.9565217391304,11.8260869565217,11,22.4173913043478,23.404347826087,24.3347826086957,0.481057779104348,0.0342085460434783,0.515266325147826,0.0910968307432448,"Summer",0,0,0
"269",269,14.7386956521739,16.954347826087,0,0,22.9856120130435,20.2999727317391,10.8695652173913,11.695652173913,11,22.1130434782609,23.1130434782609,24.0130434782609,0.478462536108696,0.0767579914130435,0.55522052753913,0.0569523719142258,"Summer",0,0,0
"270",270,16.0869565217391,17.8578260869565,0,0,25.3769886952174,23.1227369408696,10.8260869565217,11.4782608695652,11,22.5391304347826,23.2521739130435,23.9,0.60915315945087,0.0813049814521739,0.690458140921739,0.202690938674131,"Summer",0,0,0
"271",271,16.3469565217391,17.9482608695652,0,0,43.7564428634783,40.7073385769565,10.7391304347826,11.5652173913043,11,22.8,23.404347826087,23.904347826087,0.667623439543478,0.0502730205217391,0.717896460082609,0.221614943827293,"Summer",0,0,0
"272",272,18.335652173913,19.4269565217391,0,0,63.5810119930435,61.4804958347826,10.9130434782609,11.6086956521739,11,24.1391304347826,24.1565217391304,24.1434782608696,0.766765317591304,0.041123448813,0.807888766395652,0.0912373774040644,"Summer",0,0,0
"273",273,18.3686956521739,20.0769565217391,0,0,46.859511666087,44.1076299826087,11,11.9130434782609,11,24.2260869565217,24.6304347826087,24.4521739130435,0.69936639655087,0.0329463373782609,0.732312733926087,0.08125456946314,"Summer",0,0,0
"274",274,18.89375,20.7595833333333,0,0,24.8530433983333,22.586852075,10.75,11.5833333333333,10.9583333333333,23.7166666666667,24.4041666666667,24.375,0.5504893362325,0.0867786621875,0.6372679984,0.0935860256606956,"Summer",0,0,0
"275",275,18.4983333333333,19.96375,0,0,29.1349703658333,27.1946830329167,10.6666666666667,11.4583333333333,10.9583333333333,23.525,24.3791666666667,24.2833333333333,0.53759411681125,0.0541193120835417,0.591713428895833,0.182857537847107,"Summer",0,0,0
"276",276,18.3966666666667,20.6504166666667,0,0,28.8093916025,25.5374968579167,10.4583333333333,11.2916666666667,10.7916666666667,23.3666666666667,24.1166666666667,24.05,0.398131118949583,0.049424627,0.447555745945833,0.0983461721194125,"Summer",0,0,0
"277",277,21.5625,23.68125,0,0,36.8577123029167,32.4527477608333,10.5,11.375,10.4166666666667,23.9708333333333,24.3291666666667,24.0625,0.417052377696667,0.0364420637504167,0.453494441441667,0.145241648593108,"Summer",0,0,0
"278",278,20.0070833333333,21.9970833333333,0,0,55.06819097125,49.0461858183333,10.625,11.3333333333333,10.4583333333333,24.175,24.7833333333333,24.3166666666667,0.338483029366667,0,0.338483029366667,0.0235842806657175,"Summer",0,0,0
"279",279,18.2345833333333,20.3420833333333,0,0,26.8404802937083,23.3298482470833,10.5,11.0416666666667,10.375,23.5333333333333,24.1041666666667,24.3833333333333,0.1244093623875,0.193824574679167,0.318233937079167,0.155860167736673,"Summer",0,0,0
"280",280,16.73625,19.2245833333333,0,0,11.565149637125,10.6735775297083,10.4583333333333,11,10.125,22.2625,23,23.9333333333333,0.216750933591667,0.0229723782004167,0.239723311795833,0.0584493814246602,"Summer",0,0,0
"281",281,17.47375,19.3145833333333,0,0,18.9452376079167,17.8799622075,10.25,11,10,21.9625,22.6041666666667,23.4625,0.3429725820525,0.0335904818791667,0.376563063929167,0.250549377045405,"Summer",0,0,0
"282",282,15.5733333333333,17.0583333333333,0,0,36.7165763895833,34.5299532279167,10.1666666666667,11,10,22.2166666666667,22.525,23.1541666666667,0.226564614754708,0.04166422347625,0.268228838229167,0.145684196679884,"Summer",0,0,0
"283",283,15.03,16.2170833333333,0,0,28.2995102658333,27.0829427825,10.2916666666667,10.9583333333333,10,22.0541666666667,22.0833333333333,22.9625,0.44330036451875,0.00939496634166667,0.452695330858333,0.220822306693086,"Summer",0,0,0
"284",284,16.9083333333333,18.3754166666667,0,0,38.69249477875,36.4131397204167,10.25,10.9583333333333,10,22.6375,22.4041666666667,22.9,0.432544483708333,0.00829144463666667,0.440835928345833,0.0842442363545104,"Summer",0,0,0
"285",285,19.2125,21.1854166666667,0,0,41.5044510354167,37.0327209616667,10.2083333333333,11,10,23.1833333333333,23.1708333333333,23.2083333333333,0.303072885675,0.139299387491667,0.4423722731625,0.0821160139621956,"Summer",0,0,0
"286",286,18.9820833333333,21.1304166666667,0,0,32.2388884545833,27.638765955,10.1666666666667,11,10,22.6291666666667,23.1708333333333,23.2291666666667,0.417000941892083,0.017953926525,0.434954868416667,0.0680590892603503,"Summer",0,0,0
"287",287,18.3570833333333,20.4820833333333,0,0,24.5842524445833,21.65054111875,10.2916666666667,11,10,22.9791666666667,23.1208333333333,23.2583333333333,0.270941289435833,0.140814917719167,0.411756207145833,0.0298332902275724,"Summer",0,0,0
"288",288,17.7541666666667,19.36125,0,0,22.07510331375,20.4898344025,10.1666666666667,10.9583333333333,10,22.7958333333333,22.8875,23.3083333333333,0.484383249995417,0.0763222366,0.560705486591667,0.207241320163476,"Summer",0,0,0
"289",289,16.2575,17.64375,0,0,37.49043276625,35.3663613820833,10.125,10.9583333333333,10,23.0625,22.9125,23.2458333333333,0.360224048906146,0.0701032291108333,0.430327278004167,0.133144532860471,"Summer",0,0,0
"290",290,19.2608,20.8516,0,0,41.7359089212,38.56371794,10.04,10.92,10,23.476,23.06,23.18,0.3699133781212,0.051366478928,0.421279857052,0.246563357486112,"Summer",0,0,0
"291",291,19.3892,21.1048,0,0,34.3391842952,31.13531149,10.16,11,10,23.808,23.488,23.384,0.316908516992,0.02729940698,0.344207923972,0.0978228976302148,"Summer",0,0,0
"292",292,18.6356,20.4168,0,0,28.19590462,25.767115644,10,10.88,10,22.192,22.964,23.252,0.2159505023348,0.078873003684,0.294823506012,0.0694451190144236,"Summer",0,0,0
"293",293,17.022,18.5584,0,0,37.6610701292,35.2574881068,10,10.64,10,21.84,22.66,22.824,0.25741447016528,0.0260831143236,0.283497584488,0.10881869446622,"Summer",0,0,0
"294",294,12.9624,14.8396,0,0,52.6059463404,48.8945437492,10,10.24,10,21.068,21.844,22.628,0.1927279482804,0.0334542880272,0.2261822363,0.0909688519293438,"Summer",0,0,0
"295",295,15.5696,17.494,0,0,27.72957326536,25.33978069048,9.88,10,9.88,20.296,20.82,22.12,0.344239759682,0.032131152936,0.376370912616,0.420238719306553,"Summer",0,0,0
"296",296,19.6524,21.7104,0,0,11.79639920164,11.07170337744,10,10.04,9.92,21.016,21.148,21.96,0.313168079124,0.061858913624,0.375026992752,0.0791314860017864,"Summer",0,0,0
"297",297,17.146,18.5952,0,0,22.8180376448,21.5733926728,10,10,9.72,21.072,21.256,21.984,0.3247767468652,0.10083288858436,0.425609635448,0.13844401991522,"Summer",0,0,0
"298",298,14.956,16.6864,0,0,33.4596450208,31.1613485724,9.88,10,9.68,20.688,20.988,21.784,0.287522987216,0.0217530731196,0.309276060336,0.0702312609472469,"Summer",0,0,0
"299",299,15.5232,17.964,0,0,24.2759175072,21.3336841692,9.84,10,9.36,20.228,20.588,21.584,0.2293924126416,0.0477804377992,0.27717285044,0.0675796860546292,"Summer",0,0,0
"300",300,14.8907692307692,17.3342307692308,0,0,23.6379564707692,20.7200626780769,9.76923076923077,10,9.07692307692308,19.9538461538462,20.1153846153846,21.3115384615385,0.126671729261923,0.0981106515076923,0.224782380765385,0.0505386339029715,"Summer",0,0,0
"301",301,14.0226923076923,16.0438461538462,0,0,25.4213802584615,23.0971713888462,9.76923076923077,10,9,19.7192307692308,19.7961538461538,21.0346153846154,0.188755865519231,0,0.188755865519231,0.0388872686405475,"Summer",0,0,0
"302",302,14.4673076923077,16.3057692307692,0,0,26.0881338842308,24.0954508973077,9.65384615384615,10,9,19.7846153846154,20,20.85,0.247263345668846,0.0198024027426923,0.267065748411538,0.0606238416270139,"Summer",0,0,0
"303",303,14.3473076923077,15.7096153846154,1.016,1,38.0589313738462,36.0606082430769,9.53846153846154,10,9,18.8307692307692,19.6730769230769,20.5423076923077,0.252311947216154,0.0271418040769231,0.279453751296154,0.221868717533731,"Summer",0,0,0
"304",304,12.1569615384615,13.7596153846154,0,0,53.0060605792308,48.8366701280769,9.5,9.84615384615385,9,17.6423076923077,18.9076923076923,19.9461538461538,0.265217260341923,0.00917311146192308,0.274390371803846,0.125980897094178,"Summer",0,0,0
"305",305,12.9603846153846,14.6430769230769,0,0,43.8586793961538,41.4899976069231,9.57692307692308,9.5,9,17.2230769230769,18.4538461538462,19.4846153846154,0.248412812492308,0.0311891261115385,0.279601938603846,0.0270960264325318,"Winter",0,0,0
"306",306,13.1223076923077,14.6426923076923,0,0,50.4354078457692,48.2452327884615,9.69230769230769,9.46153846153846,9,17.1307692307692,18.2692307692308,19.2884615384615,0.303302443573077,0,0.303302443573077,0.0398225847491427,"Winter",0,0,0
"307",307,14.6611538461538,16.5219230769231,0,0,44.7309209946154,42.1065905980769,9.69230769230769,9.5,9,17.6346153846154,18.3884615384615,19.1884615384615,0.358864034776923,0,0.358864034776923,0.0540514560373926,"Winter",0,0,0
"308",308,14.5007692307692,16.0396153846154,0,0,59.2279859523077,55.9831348411538,9.84615384615385,9.23076923076923,9,17.3923076923077,18.3307692307692,19.15,0.368680171669231,0,0.368680171669231,0.02270606400409,"Winter",0,0,0
"309",309,12.6792307692308,14.5334615384615,0,0,63.8440717338462,59.6464555546154,9.65384615384615,9.30769230769231,9,17.4461538461538,18.1769230769231,18.9538461538462,0.357502209538462,0,0.357502209538462,0.032510205478368,"Winter",0,0,0
"310",310,13.1146153846154,15.2134615384615,0,0,43.0133712738462,38.98896253,9.73076923076923,9.15384615384615,9,17.5615384615385,18.1192307692308,18.9961538461538,0.375758860692308,0.00866502122269231,0.384423881919231,0.0285466788720958,"Winter",0,0,0
"311",311,13.9626923076923,15.3265384615385,1.143,2,51.5496087511538,48.9227390838462,9.69230769230769,9.30769230769231,9,17.8923076923077,18.25,18.9576923076923,0.301625276676923,0.122272322861538,0.423897599565385,0.0992488256828706,"Winter",0,0,0
"312",312,10.9387692307692,12.3423076923077,1.651,2,75.1006151503846,70.9508355561538,9.84615384615385,9,9,17.3,17.7807692307692,18.9384615384615,0.360586782688462,0,0.360586782688462,0.0996060181231013,"Winter",0,0,0
"313",313,13.2369230769231,15.3930769230769,0,0,54.2580131446154,48.8962399926923,9.69230769230769,9,9,16.5346153846154,16.9230769230769,18.5692307692308,0.421151919907692,0.00876261532307692,0.429914535230769,0.109956781151119,"Winter",0,0,0
"314",314,14.3742307692308,16.8715384615385,0,0,43.8353524673077,38.1149285007692,10,9,8.96153846153846,16.9,17.1576923076923,18.4230769230769,0.392316573712692,0.0303548700057692,0.422671443715385,0.04923164079267,"Winter",0,0,0
"315",315,14.9819230769231,17.3042307692308,0,0,32.1019982719231,28.3073902169231,10,9,9,17.0461538461538,17.3730769230769,18.4192307692308,0.381291998496154,0,0.381291998496154,0.0194095909985195,"Winter",0,0,0
"316",316,16.1092307692308,18.435,0,0,27.5042327853846,24.4520710992308,10.0384615384615,9,9,16.8346153846154,17.2846153846154,18.2961538461538,0.23664802055,0.109584318503846,0.346232339084615,0.0180152634238786,"Winter",0,0,0
"317",317,16.7142307692308,19.1288461538462,0,0,28.1508044184615,24.5985793953846,10.0384615384615,9,9,17.5846153846154,17.7576923076923,18.3461538461538,0.270475784665385,0.0198023481057692,0.290278132769231,0.0159896390731677,"Winter",0,0,0
"318",318,17.1507692307692,19.3992307692308,0,0,20.7497859757692,18.4061051619231,10,9.03846153846154,9,17.8038461538462,17.9307692307692,18.5576923076923,0.229786503280769,0.00779954146923077,0.23758604475,0.0715979177379665,"Winter",0,0,0
"319",319,15.6853846153846,18.2007692307692,0,0,17.4910425403846,15.1050235723077,9.92307692307692,9,9,17.05,17.7423076923077,18.4884615384615,0.140619390171462,0.00665003497307692,0.147269425146154,0.0215211500016758,"Winter",0,0,0
"320",320,15.3411538461538,18.0761538461538,0,0,18.2777805707692,15.6159523061538,9.76923076923077,9,9,17.1153846153846,17.6923076923077,18.2884615384615,0.0631360528519231,0.0281703821192308,0.09130643497,0.018925922465256,"Winter",0,0,0
"321",321,13.4580769230769,15.7442307692308,0,0,24.2968779526923,21.73433636,9.65384615384615,9,8.88461538461539,16.8115384615385,17.4807692307692,18.2346153846154,-0.0182110828357692,0.0670928413576923,0.0488817585234615,0.0215430322506811,"Winter",0,0,0
"322",322,11.2744615384615,12.945,0,0,38.2033592980769,35.7007288234615,9.65384615384615,9,8.73076923076923,16.4692307692308,16.9653846153846,18.0269230769231,0.0654175302196154,0.0389114401038462,0.104328970323462,0.150746222561622,"Winter",0,0,0
"323",323,10.2788461538462,11.5919230769231,0,0,29.2548575334615,28.0352941673077,9.30769230769231,9,8.5,15.8153846153846,16.3423076923077,17.7192307692308,0.0752264094165385,0.007050094885,0.0822765043,0.0953642592450089,"Winter",0,0,0
"324",324,10.8238461538462,12.9784615384615,0,0,27.1893004592308,24.6328023384615,9.23076923076923,8.96153846153846,8.07692307692308,14.5653846153846,15.5230769230769,17.1423076923077,0.0591779393138462,0.0267721413615385,0.0859500806753846,0.0287645682920363,"Winter",0,0,0
"325",325,12.77,14.8277777777778,0,0,22.1596501333333,20.0318387962963,9.25925925925926,9,8,14.7666666666667,15.4222222222222,16.7592592592593,0.13509456512037,0.0513094307896296,0.186403995914815,0.155569219894628,"Winter",0,0,0
"326",326,13.3273076923077,15.1284615384615,0,0,19.7021720526923,18.2504171073077,9.26923076923077,9,8,15.5538461538462,15.8153846153846,16.7769230769231,0.175821589411538,0.00223888186730769,0.178060471280769,0.0962308942739444,"Winter",0,0,0
"327",327,13.9492307692308,16.6007692307692,0,0,21.9169842684615,19.1954047057692,9.26923076923077,9,8.03846153846154,16.0153846153846,16.1346153846154,16.9384615384615,0.171986166625269,0.0227073292730769,0.1946934959,0.23931063519299,"Winter",0,0,0
"328",328,15.5259259259259,17.8166666666667,0,0,22.5451751985185,20.1967180633333,9.33333333333333,9,8.03703703703704,16.0111111111111,16.2703703703704,17.0555555555556,0.144222636341481,0,0.144222636341481,0.106717495116275,"Winter",0,0,0
"329",329,15.4314814814815,17.7948148148148,0,0,22.5180499151852,20.0654283048148,9.18518518518519,9,8.03703703703704,16.2962962962963,16.4814814814815,17.1592592592593,0.0518572552055926,0.0436126716451852,0.0954699268485185,0.0247834564496664,"Winter",0,0,0
"330",330,16.7203703703704,18.8725925925926,0,0,18.0699956537037,16.4155897555556,9.25925925925926,9,8,16.3555555555556,16.6185185185185,17.2296296296296,0.0607163843922222,0.0555171520211111,0.116233536412593,0.0385003371721605,"Winter",0,0,0
"331",331,15.8622222222222,18.19,0,0,17.9777575422222,15.9511528503704,9.25925925925926,9,8,16.5777777777778,16.9962962962963,17.3074074074074,0.211204761152593,0.0301996521555556,0.241404413311111,0.085506898890548,"Winter",0,0,0
"332",332,12.2965185185185,14.227037037037,0,0,29.9104714044444,27.7681666488889,9.14814814814815,9,8.03703703703704,15.837037037037,16.5518518518519,17.2111111111111,0.267310085588889,0.00419899840481482,0.271509083992593,0.0689437803131957,"Winter",0,0,0
"333",333,12.6751851851852,14.68,0,0,25.4494062462963,23.3545106918519,9,9,8,14.9407407407407,15.9814814814815,16.8148148148148,0.255964292844444,0.00376551003703704,0.259729802885185,0.0514831816358224,"Winter",0,0,0
"334",334,14.1064285714286,15.495,0,0,26.5430835510714,25.2689475264286,9.10714285714286,8.96428571428571,8,15.4142857142857,15.9964285714286,16.525,0.236470981014286,0.00451435777857143,0.240985338792857,0.00940361741206409,"Winter",0,0,0
"335",335,14.1522222222222,15.7996296296296,0,0,27.7128880766667,25.8558851492593,9,9,8,15.4851851851852,16.2148148148148,16.5407407407407,0.207412587281481,0.016896638237037,0.224309225518519,0.0110130281366873,"Winter",0,0,0
"336",336,14.5117857142857,16.1732142857143,0,0,30.2252560439286,28.0819220864286,9.07142857142857,9,8,15.6892857142857,16.3607142857143,16.6107142857143,0.198509938909286,0.00863043863964286,0.20714037755,0.0161060426302925,"Winter",0,0,0
"337",337,12.1333333333333,14.382962962963,0,0,42.7937944288889,38.5558390466667,9.03703703703704,8.96296296296296,8,15.0259259259259,16.0481481481481,16.6111111111111,0.171365927196296,0,0.171365927196296,0.0118946158468932,"Winter",0,0,0
"338",338,10.3633333333333,12.0537037037037,0,0,50.7586103411111,48.1388787114815,9.07407407407407,8.74074074074074,8,14.4333333333333,15.4518518518519,16.4074074074074,0.109057500087407,0.0307419847596296,0.139799484844444,0.0195973048122899,"Winter",0,0,0
"339",339,10.1682142857143,11.3282142857143,0,0,53.2066657046429,52.2504702003571,9,8.32142857142857,8,14.0678571428571,14.9357142857143,16.0714285714286,0.136222629899643,0.0143984035035714,0.1506210334,0.100868306895856,"Winter",0,0,0
"340",340,7.90207142857143,8.98617857142857,0,0,57.9936826442857,57.7202124325,9,8.17857142857143,8,13.775,14.5071428571429,15.7535714285714,0.05507260287,0.0793118711156429,0.134384473970357,0.0833655795848814,"Winter",0,0,0
"341",341,1.92033333333333,3.08751851851852,0,0,63.0428441296296,63.4393325948148,9,8,8,11.4037037037037,12.8407407407407,15.3777777777778,0.0102609474596889,0.107490828413778,0.117751775874444,0.170922987776968,"Winter",0,0,0
"342",342,1.07659259259259,2.70481481481482,0,0,38.99410279,38.5909613037037,8.77777777777778,7.92592592592593,7.88888888888889,8.49259259259259,10.2888888888889,13.9444444444444,-0.191691782917296,0.253608815968889,0.0619170330533333,0.0236505035019116,"Winter",0,0,0
"343",343,7.24622222222222,8.44451851851852,0,0,20.6265885085185,20.2160775477778,8.96296296296296,7.88888888888889,7.81481481481481,9.8037037037037,10.4518518518519,13.1259259259259,0.2445492462,0.028197801902963,0.272747048101111,0.209432275888889,"Winter",0,0,0
"344",344,8.46803703703704,9.57703703703704,0,0,19.6580902492593,19.4101980862963,9,8,7.7037037037037,11.0481481481481,11.7222222222222,13.2740740740741,0.172200324112519,0.0252864516505185,0.197486775766667,0.0690082911543354,"Winter",0,0,0
"345",345,8.02511111111111,9.32722222222222,0,0,26.7867595522222,26.0699068655556,9,8,7.74074074074074,10.8074074074074,11.8666666666667,13.3222222222222,0.103039540844815,0.0879711882540741,0.191010729096296,0.0832591878937667,"Winter",0,0,0
"346",346,7.63051851851852,9.1237037037037,0,0,25.2652915507407,24.2374093722222,9,8,7.7037037037037,11.2333333333333,11.9740740740741,13.2851851851852,0.180875166073704,0.00647570653074074,0.187350872607407,0.100507536760545,"Winter",0,0,0
"347",347,8.34262962962963,10.2583333333333,0,0,32.8034450137037,30.4234973840741,9,8,7.74074074074074,11.3592592592593,12,13.4222222222222,0.106202627763704,0.0183269277277778,0.124529555492593,0.0328410141469441,"Winter",0,0,0
"348",348,7.70648148148148,9.73407407407407,0,0,40.7807981622222,37.8633398625926,9,8,7.81481481481481,11.3407407407407,11.9148148148148,13.4259259259259,0.0418884063322593,0.0454095872222222,0.087297993552963,0.011426214325023,"Winter",0,0,0
"349",349,4.32022222222222,5.987,0,0,41.5461900296296,40.0732521007407,8.96296296296296,8,7.55555555555556,10.2481481481481,11.2518518518519,13.1962962962963,0.06867724884,0.0115940570625926,0.0802713059,0.0601717532112768,"Winter",0,0,0
"350",350,4.20381481481482,5.71392592592593,0,0,39.4820908496296,38.227890272963,8.85185185185185,7.85185185185185,7.14814814814815,8.74074074074074,10.3222222222222,12.462962962963,0.113606646322444,0.0599981821140741,0.173604828435556,0.101495755009288,"Winter",0,0,0
"351",351,4.04666666666667,4.84018518518519,4.572,3,85.9623861662963,85.2819334137037,9,7.51851851851852,7,8.48148148148148,9.84814814814815,11.9740740740741,0.459710185341852,0.0357135729918518,0.495423758333333,0.328637634523029,"Winter",0,0,0
"352",352,2.92240740740741,4.27214814814815,1.397,4,90.1983839811111,86.1783070925926,9.48148148148148,7.03703703703704,7,7.16666666666667,8.83703703703704,11.3851851851852,0.240502555681481,0.0502162601262963,0.290718815807407,0.0476886674937126,"Winter",0,0,0
"353",353,3.7317037037037,5.76711111111111,0,0,68.6476452744444,64.6225072862963,10.5185185185185,7.03703703703704,7,6.45555555555556,8.22222222222222,10.9185185185185,0.211127968627037,0.0330712088040741,0.24419917742963,0.0184776145489583,"Winter",0,0,0
"354",354,6.42862962962963,8.27159259259259,0,0,54.51061195,51.011255722963,11.4074074074074,7.25925925925926,7,6.95925925925926,8.45555555555556,10.7851851851852,0.172949388101481,0.0201935235185185,0.193142911618519,0.054989570359647,"Winter",0,0,0
"355",355,2.60492592592593,3.93011111111111,0,0,40.7228905037037,39.5495509918519,11.3333333333333,7,7,6.28888888888889,8.04814814814815,10.6962962962963,0.152123977764074,0.0468760607181481,0.199000038482222,0.206958307529061,"Winter",0,0,0
"356",356,-1.50566666666667,0.246740740740741,0,0,39.7593915888889,37.5695219655556,11.1851851851852,7,7,4.34074074074074,6.12962962962963,9.87037037037037,0.0200763434325926,0.0170600232540741,0.0371363666888889,0.013713454505397,"Winter",0,0,0
"357",357,5.48781481481481,7.61959259259259,0,0,26.2529137911111,23.4934054903704,11.4444444444444,7,7,5.29259259259259,6.42222222222222,9.21851851851852,0.00204625133222222,0.0403742770666667,0.0424205284007407,0.0054763353232305,"Winter",0,0,0
"358",358,10.3595555555556,12.6096296296296,0,0,16.1535601785185,14.3574258892593,11.5555555555556,7.37037037037037,7,7.74444444444444,8.27777777777778,9.67037037037037,0.0343481760251852,0,0.0343481760251852,0.0047185439343095,"Winter",0,0,0
"359",359,11.6611111111111,13.842962962963,0,0,13.0149161303704,11.9824958826296,11.8888888888889,7.51851851851852,7,8.79259259259259,9.3,10.3703703703704,0.0161385647477778,0.00272405937777778,0.0188626241255556,0.00527846737845134,"Winter",0,0,0
"360",360,11.7359259259259,13.7822222222222,0,0,9.22160161837037,8.93299585359259,11.8518518518519,7.59259259259259,7,8.66666666666667,9.4962962962963,10.6481481481481,0.0200173506661482,0.00678601834703704,0.0268033690128519,0.0959163381141173,"Winter",0,0,0
"361",361,11.5092592592593,14.1392592592593,0,0,16.6601139342593,14.5961955561111,11.9259259259259,7.96296296296296,7,9.3962962962963,10.1777777777778,10.837037037037,-0.0327445702695185,0.043317071262963,0.0105725009960741,0.025965836772708,"Winter",0,0,0
"362",362,11.7974074074074,14.4066666666667,0,0,20.5803515014815,18.0528158337037,11.962962962963,8,7,10.0185185185185,10.637037037037,11.1666666666667,0.00563692714666667,0,0.00563692714666667,0.000377301312797657,"Winter",0,0,0
"363",363,12.0647777777778,14.7385185185185,0,0,17.9571487681481,15.8858602859259,11.9259259259259,8,7,10.4,10.9259259259259,11.5888888888889,0.0222596089227778,0.00212831403259259,0.0243879229552593,0.0682764638455473,"Winter",0,0,0
"364",364,13.0677777777778,15.4077777777778,0,0,16.2149264588889,14.3441807781481,11.8148148148148,8,7.03703703703704,10.5666666666667,11.1,11.7518518518519,0.00527344100933333,0.0134559079925926,0.0187293490005556,0.0445187398157669,"Winter",0,0,0
"365",365,12.2119230769231,14.4684615384615,0,0,18.4857334326923,16.4737989165385,11.7307692307692,8,7.03846153846154,10.8961538461538,11.3730769230769,11.9038461538462,0.0071058908215,0.00140080997576923,0.00850670079719231,0.0108119476665989,"Winter",0,0,0
