"","DOY","meanAT2","meanAT6","sum_R","rain_events","meanRH2","meanRH6","meanSWC5","meanSWC15","meanSWC30","meanST5","meanST15","meanST30","meanNEE","meanGPP","meanRECO","sdReco","Season","high_day","Rain_DOY","Pulse_Days","Pulse_DOY"
"1",1,4.425125,4.9715625,2.54,4,80.35025395375,80.0499012808333,18.1458333333333,19.3125,NA,7.51041666666667,8.60833333333333,10.39375,0.168234677580583,0.091480013309875,0.2597146909,0.123273552758371,"Winter",0,0,0,NA
"2",2,3.95447916666667,4.87925,0,0,65.9985109435417,64.734554783125,17.9375,20,NA,5.42916666666667,6.98958333333333,9.23541666666667,0.0719091340874167,0.112922488958729,0.184831623054167,0.0672244563777348,"Winter",0,0,0,NA
"3",3,8.30652083333333,9.29316666666667,0,0,50.4312065391667,47.7118402460417,17.4791666666667,19.4166666666667,NA,6.45208333333333,7.40416666666667,8.80416666666667,0.176169408890625,0.077096496019375,0.2532659049125,0.0967000160154304,"Winter",0,0,0,NA
"4",4,10.1602291666667,11.1743333333333,0,0,39.1513977254167,36.2392351527083,16.9791666666667,19,NA,8.00833333333333,8.86041666666667,9.38125,0.208968071455625,0.0615146716439792,0.270482743104167,0.112553696553468,"Winter",0,0,0,NA
"5",5,9.47520833333333,10.5855833333333,0,0,54.1606489752083,51.6084735595833,16.4583333333333,18.6041666666667,NA,7.71666666666667,8.74791666666667,9.62708333333333,0.272565815950271,0.0404434871346833,0.3130093030875,0.18292571841288,"Winter",0,0,0,NA
"6",6,7.55335416666667,8.36322916666667,0,0,55.1939856914583,53.9103826814583,15.9791666666667,18,NA,7.62291666666667,8.81875,9.7375,0.268797549598333,0.0246626190797917,0.293460168677083,0.182624759258004,"Winter",0,0,0,NA
"7",7,8.73885416666667,9.7115,0,0,46.150777923125,44.1168365022917,15.3333333333333,17.6458333333333,NA,6.85,8.15,9.3375,0.151893203625625,0.061333400800625,0.213226604427083,0.103840230935496,"Winter",0,0,0,NA
"8",8,13.6062291666667,14.8297916666667,0,0,38.6303971570833,35.6625460870833,15.2916666666667,17.4375,NA,8.55416666666667,9.4375,9.51041666666667,0.0801730683658333,0.167391022050229,0.247564090422917,0.114636504085747,"Winter",0,0,0,NA
"9",9,14.7527083333333,15.9352083333333,0,0,36.9465189322917,34.2742828947917,15.25,17.2291666666667,NA,9.825,10.5541666666667,10.2979166666667,0.277690355156875,0.0858998397075,0.3635901948625,0.250759990994457,"Winter",0,0,0,NA
"10",10,12.2459166666667,13.4183333333333,0,0,30.1194743245833,27.78991355,14.875,17,NA,9.0375,10.40625,10.5916666666667,0.139156469861375,0.0638907839645833,0.203047253825,0.0647226658457691,"Winter",0,0,0,NA
"11",11,11.4568541666667,12.4996666666667,0,0,28.440181909375,26.6146065172917,14.3958333333333,16.7708333333333,NA,8.34166666666667,9.89375,10.34375,0.131256567118833,0.0700740912840104,0.201330658402083,0.0630751976712892,"Winter",0,0,0,NA
"12",12,11.6691041666667,12.7717708333333,0,0,24.58145416,22.9320925833333,14.125,16.3333333333333,NA,7.99583333333333,9.45208333333333,10.1354166666667,0.199091842557804,0.0845688944341667,0.2836607369875,0.0809592566758723,"Winter",0,0,0,NA
"13",13,11.65725,12.8489583333333,0,0,26.3664930395833,24.5060703983333,13.9583333333333,16,NA,7.95416666666667,9.21666666666667,9.9,0.177307465778521,0.213874203048333,0.391181668822917,0.0804782334123498,"Winter",0,0,0,NA
"14",14,10.9273958333333,11.5215416666667,9.271,4,54.4647450022917,53.5573074004167,16.9166666666667,16.0208333333333,NA,9.475,10.4645833333333,10.2354166666667,0.355086571816104,0.158186574368125,0.513273146189583,0.516780647486254,"Winter",1,14,1,14
"15",15,3.33216666666667,3.79227083333333,5.969,15,96.2525700560417,94.5646848054167,25.4166666666667,22.6666666666667,17,7.51666666666667,8.89166666666667,10.1666666666667,0.261894796245833,0.0248615527708333,0.286756349016667,0.019083161998482,"Winter",1,15,1,15
"16",16,4.79954166666667,5.50954166666667,0,0,80.317735019375,78.932327396875,21.6041666666667,22.8333333333333,15.9375,6.90625,7.9875,9.25208333333333,0.214236452536208,0.201491271194021,0.415727723745833,0.250508052992877,"Winter",0,0,0,16
"17",17,6.427875,6.98475,0,0,67.8696834958333,67.574802885,19.7083333333333,21.5625,15.0208333333333,6.87916666666667,7.91666666666667,9.03333333333333,0.284234555317292,0.175544171603958,0.459778726914583,0.125780005278387,"Winter",0,0,0,17
"18",18,6.5945,7.66085416666667,0,0,65.3873550170833,63.3119792747917,18.5833333333333,20.6041666666667,14,6.58125,7.72708333333333,9.03125,0.250418782071458,0.249676168643958,0.50009495070625,0.0793956870364113,"Winter",0,0,0,18
"19",19,5.50925,6.36235416666667,0,0,60.1011152589583,58.7081771627083,17.7916666666667,19.9791666666667,13.2291666666667,5.89375,6.84791666666667,8.61875,0.219680455776875,0.276866001295417,0.496546457075,0.10492180168361,"Winter",0,0,0,19
"20",20,4.77229166666667,5.33866666666667,1.778,4,71.34974252,71.7458070110417,17.0625,19.0208333333333,12.5625,5.75625,6.78333333333333,8.32708333333333,0.432369492315771,0.142977480255,0.575346972566667,0.430262748264841,"Winter",0,0,0,NA
"21",21,3.63020833333333,4.16022916666667,7.239,7,69.813891015,70.06026380125,22.7708333333333,23.875,14.3333333333333,5.64375,6.475,8.15833333333333,0.215717190537083,0.255717889971875,0.47143508051875,0.11511797898795,"Winter",1,21,1,21
"22",22,5.2043125,6.28441666666667,0,0,55.0996674247917,52.9768284225,20.2708333333333,22.5208333333333,15.9166666666667,4.98333333333333,5.85416666666667,7.60208333333333,0.213046888267396,0.336314737670833,0.549361625927083,0.152168603548558,"Winter",0,0,0,22
"23",23,9.86810416666667,10.5373333333333,0.254,1,43.2161161254167,42.2011009052083,19.2083333333333,21.5625,15.4583333333333,6.33958333333333,7.01458333333333,7.77083333333333,0.618125094855417,0.19658877316875,0.814713868020833,0.265325451544514,"Winter",0,0,0,23
"24",24,2.45077083333333,2.88354166666667,0.762,3,68.1670793410417,68.3631721170833,18.6458333333333,20.9583333333333,14.9375,6.19375,7.29791666666667,8.3,0.190007886487292,0.204633192874729,0.394641079354167,0.101942094432961,"Winter",0,0,0,24
"25",25,0.128604166666667,1.02310416666667,0,0,62.1063618579167,61.6154405195833,17.5625,20,14.2291666666667,4.2,5.66458333333333,7.725,0.088852864135,0.124769002915625,0.213621867052083,0.105115021248094,"Winter",0,0,0,25
"26",26,2.00270833333333,3.0254375,0,0,46.511160888125,45.2530867814583,16.9375,19.375,13.5833333333333,3.50416666666667,5.09166666666667,7.0125,-0.0121066822657917,0.114122350466667,0.10201566821275,0.109983506713744,"Winter",0,0,0,NA
"27",27,1.16833333333333,1.92735416666667,0,0,49.744020306875,49.6422639870833,16.3125,19,13.2291666666667,3.04583333333333,4.80416666666667,6.55416666666667,0.0919938692715323,0.0427850102377083,0.134778879513057,0.382069498183594,"Winter",0,0,0,NA
"28",28,4.05829166666667,4.75127083333333,0,0,23.8353862810417,23.449027568125,16.1666666666667,18.7708333333333,12.6875,3.41875,4.8875,6.24375,0.02567667812395,0.0514991163284792,0.0771757944546937,0.123033009010163,"Winter",0,0,0,NA
"29",29,7.3065,8.02435416666667,0,0,20.728140010625,20.1339918958333,16.125,18.5833333333333,12.5208333333333,4.52291666666667,5.67916666666667,6.375,0.0531964014160979,0.033502174415,0.0866985758320563,0.126190255441153,"Winter",0,0,0,NA
"30",30,9.48829166666667,10.7384791666667,0,0,20.8243944349167,19.2723738,15.8958333333333,18.4583333333333,12.3333333333333,5.26666666666667,6.38125,6.76666666666667,0.0707964360554375,0.0230256376914583,0.0938220737459375,0.196703472013841,"Winter",0,0,0,NA
"31",31,11.7518541666667,12.9589583333333,0,0,20.1042017474792,18.5096221260417,15.8958333333333,18.3541666666667,12.0416666666667,6.45833333333333,7.2875,7.27916666666667,0.0920283847553125,0.013104690233125,0.105133074987313,0.175180658247454,"Winter",0,0,0,NA
"32",32,11.8500833333333,13.2786458333333,0,0,20.1260581082292,18.3146123273542,15.8125,18.2916666666667,11.7291666666667,7.15416666666667,8.07708333333333,7.85416666666667,0.0340545165285417,0.0546635967620833,0.0887181132827083,0.153288598530866,"Winter",0,0,0,NA
"33",33,13.1385416666667,14.6010416666667,0,0,21.1854369241667,19.28092927375,15.5833333333333,18.1666666666667,11.6666666666667,7.62083333333333,8.60833333333333,8.27916666666667,0.053314374537625,0.00926929634604167,0.0625836708830833,0.103308121765553,"Winter",0,0,0,NA
"34",34,13.6502083333333,14.869375,0,0,20.65591489,19.0699406961042,15.5625,18.0625,11.5625,8.21875,9.23333333333333,8.66875,0.0492331437167125,0.02352485327625,0.0727579969948167,0.13969567869551,"Winter",0,0,0,NA
"35",35,13.7127083333333,15.1972916666667,0,0,14.7997733479375,13.3208064422708,15.4791666666667,18.0208333333333,11.375,8.64166666666667,9.75,9.10208333333333,0.0930068306854792,0.00904331205020833,0.102050142736265,0.146396425635757,"Winter",0,0,0,NA
"36",36,13.8075,14.9695833333333,0,0,19.2748909889583,17.7484928416667,15.2916666666667,18,11.1041666666667,9.33333333333333,10.46875,9.56458333333333,0.0971582194656167,0.008488402548125,0.105646622014833,0.196716268111275,"Winter",0,0,0,NA
"37",37,10.6253125,11.7208125,0,0,30.2489339091667,28.299911240625,15.1458333333333,18,10.8958333333333,9.37916666666667,10.5458333333333,10.0104166666667,0.0545529316711292,0.0528186881495833,0.107371619821611,0.161116043364409,"Winter",0,0,0,NA
"38",38,9.18702083333333,10.1354791666667,0,0,58.0482646902083,56.5447405922917,14.8333333333333,17.6041666666667,10.7083333333333,9.33333333333333,10.35,9.93958333333333,0.0650253373910508,0.0337353283789375,0.0987606657687076,0.165674944477094,"Winter",0,0,0,NA
"39",39,12.5461875,13.6045833333333,0,0,56.5457847689583,54.4740301825532,14.875,17.6041666666667,10.6041666666667,10.3041666666667,11.2291666666667,10.3395833333333,0.0117457078347521,0.0612118947836042,0.0729576026213646,0.109945579643417,"Winter",0,0,0,NA
"40",40,17.491875,18.498125,0,0,31.736888996875,29.513383630625,14.8958333333333,17.7291666666667,10.4166666666667,11.4729166666667,12.2458333333333,10.9458333333333,0.0691581379076667,0.0303988260198125,0.0995569639270833,0.0958210848903388,"Winter",0,0,0,NA
"41",41,19.1964583333333,20.2329166666667,0,0,22.9292517777917,21.2238589106042,14.9583333333333,17.7083333333333,10.375,12.55,13.4270833333333,11.6854166666667,0.136695926909208,0.0287945028835417,0.165490429794792,0.0899758030835804,"Winter",0,0,0,NA
"42",42,16.8377083333333,17.803125,0,0,28.2378047664583,26.3929548852083,14.6666666666667,17.6875,10.125,12.6395833333333,13.9166666666667,12.2979166666667,0.204450463393854,0.05996743616,0.264417899552083,0.164911846699273,"Winter",0,0,0,NA
"43",43,12.778,13.6939583333333,0,0,45.3098573983333,43.5325314977083,14.25,17.0833333333333,9.97916666666667,11.79375,13.0791666666667,12.4625,0.18085814356225,0.0889242322827083,0.269782375839583,0.178183133242119,"Winter",0,0,0,NA
"44",44,6.9901875,7.5311875,2.794,3,73.3915357195833,72.89275488,14.0208333333333,17,9.72916666666667,10.40625,11.86875,12.0270833333333,0.167135979823542,0.0484991348758958,0.215635114704167,0.0759795713550861,"Winter",0,0,0,NA
"45",45,7.54389583333333,8.2326875,0.635,1,74.5601193677083,72.9588475695833,13.9375,16.875,9.5625,9.25833333333333,10.6083333333333,11.3229166666667,0.227978303305296,0.070426252890625,0.298404556195833,0.123541188909565,"Winter",0,0,0,NA
"46",46,6.65689583333333,7.17358333333333,0,0,49.5407119647917,49.1191516941667,13.75,16.625,9.4375,8.625,10.2166666666667,10.9145833333333,0.152182262151646,0.142590998621667,0.294773260772917,0.112449581314412,"Winter",0,0,0,NA
"47",47,8.76260416666667,9.7406875,0,0,33.8089317908333,31.7455625702083,13.8125,16.4791666666667,9.1875,8.54375,10.0583333333333,10.6020833333333,0.151736294661812,0.178685913416979,0.330422208083333,0.0843632253065431,"Winter",0,0,0,NA
"48",48,10.2572291666667,10.8393333333333,0,0,46.1130180141667,45.6674740916667,14.0625,16.625,8.91666666666667,9.65,10.7229166666667,10.6916666666667,0.193439308886481,0.187295557656458,0.380734866541667,0.0874479708118597,"Winter",0,0,0,NA
"49",49,7.17360416666667,7.59670833333333,0.254,1,67.6809675975,68.015495008125,13.9583333333333,16.3125000000001,8.72916666666667,9.69583333333333,10.9145833333333,11.0145833333333,0.24840549631975,0.0730387814336958,0.321444277754167,0.0654668058922688,"Winter",0,0,0,NA
"50",50,4.45577083333333,4.90329166666667,1.27,5,84.281690043125,83.8260001614583,13.6041666666667,15.9583333333333,8.77083333333333,8.3125,9.5125,10.5229166666667,0.199043700905833,0.0830332045416667,0.2820769054375,0.0471683472490245,"Winter",0,0,0,NA
"51",51,8.32904166666667,8.814375,0,0,71.529452865625,70.6911638045833,13.8333333333333,16.6041666666667,8.5625,10.1208333333333,10.70625,10.5083333333333,0.211995883293729,0.178211595000208,0.390207478291667,0.0824343067458877,"Winter",0,0,0,NA
"52",52,13.0468958333333,13.8767708333333,0,0,49.394021623125,47.4522100295833,14.1041666666667,16.6458333333333,8.45833333333333,10.83125,11.5979166666667,11.0791666666667,0.268006293648104,0.28680154165125,0.554807835297917,0.151617523721394,"Winter",0,0,0,NA
"53",53,15.5695833333333,16.4466666666667,0,0,37.7030390854167,35.887139289375,14.2083333333333,17.9375000000002,8.625,12.1145833333333,12.96875,11.7604166666667,0.313604356763333,0.34240432224375,0.656008678995833,0.138235506596769,"Winter",0,0,0,NA
"54",54,9.0975,9.66952083333333,0,0,39.8333231070833,39.3390807470833,14.0208333333333,20.9166666666667,8.41666666666667,11.8,13.1541666666667,12.3583333333333,0.235327585111729,0.225684250820833,0.4610118359375,0.103910742297909,"Winter",0,0,0,NA
"55",55,4.83285416666667,5.45822916666667,0,0,30.4790916617708,30.1613591789583,13.4583333333333,20.3333333333333,8.27083333333333,9.88333333333333,11.4666666666667,11.9166666666667,0.176337924077958,0.181942824413333,0.358280748489583,0.100775144059748,"Winter",0,0,0,NA
"56",56,7.8726875,8.89372916666667,0,0,19.7553220465833,18.5502964527292,13.2444444444444,19.9333333333333,8.02222222222222,9.56222222222222,10.9955555555556,11.32,0.072595159345625,0.3883034694625,0.460898628833333,0.113926288381711,"Winter",0,0,0,NA
"57",57,9.01497916666667,9.82122916666667,0,0,21.3907726752083,20.4619988614583,13.0857142857143,19.0285714285714,7.77142857142857,9.80571428571429,10.8514285714286,11.1142857142857,0.239215228357479,0.252852725318542,0.4920679536625,0.0770143460338785,"Winter",0,0,0,NA
"58",58,9.6378125,10.1903958333333,0,0,41.5188562535417,41.5143926345833,12.5217391304348,18.1739130434783,7.56521739130435,7.52173913043478,9.14347826086957,10.7521739130435,0.136613609734792,0.375009232583125,0.511622842327083,0.115901129365381,"Winter",0,0,0,NA
"59",59,9.94377083333333,10.5334791666667,0,0,40.8607323425,40.333176276875,4.55555555555556,16,7,10.9222222222222,12.3,11.5777777777778,0.327770744068542,0.265472089167083,0.5932428332375,0.181440600889514,"Winter",0,0,0,NA
"60",60,9.38647916666667,9.9724375,0,0,48.6966950425,48.2209604879167,11.7916666666667,15.9166666666667,8.16666666666667,11.98125,11.9166666666667,11.26875,-0.0617946289033333,0.500678876538542,0.438884247654167,0.11893484082202,"Spring",0,0,0,NA
"61",61,11.9777708333333,12.3638125,0,0,24.6211219766667,24.3551083245833,12.0833333333333,15.9791666666667,7.91666666666667,13.4958333333333,12.95625,11.9833333333333,-0.0280227207491667,0.481924679113333,0.453901958341667,0.131550497462279,"Spring",0,0,0,NA
"62",62,12.3883333333333,12.9595833333333,0,0,25.5700903141667,25.2677680622917,11.9791666666667,16,8.02083333333333,12.4895833333333,12.9375,12.4458333333333,0.161014297823333,0.274576766167917,0.435591063995833,0.0718412783177868,"Spring",0,0,0,NA
"63",63,14.3560625,15.2283333333333,0,0,32.2452943045833,30.5098414664583,11.9375,15.7708333333333,8.3125,13.9083333333333,13.81875,12.4041666666667,-0.0333719717211042,0.50324844879375,0.469876477083333,0.100549754189766,"Spring",0,0,0,NA
"64",64,14.150625,14.7152083333333,0,0,42.939550118125,42.3527457260417,11.875,15.9166666666667,9,14.1270833333333,14.3916666666667,13.13125,0.174579547779583,0.367947455073958,0.542527002870833,0.162786946190135,"Spring",0,0,0,NA
"65",65,10.6907916666667,11.1596458333333,0,0,46.6045544579167,46.197072015,12.0208333333333,15.75,9,15.3770833333333,14.8458333333333,13.5625,-0.0231868858462917,0.465173061585625,0.441986175733333,0.152339141891255,"Spring",0,0,0,NA
"66",66,12.9170625,13.7345,0,0,25.7700439599583,24.6434222711875,11.8541666666667,15.5,8.9375,14.85,14.4479166666667,13.7458333333333,-0.177233313684063,0.618037011760417,0.44080369804375,0.125453096930062,"Spring",0,0,0,NA
"67",67,17.5808333333333,18.44625,0,0,15.3459470863333,14.5196370219167,11.9166666666667,15.4166666666667,9.08333333333333,16.0708333333333,15.4020833333333,14.0916666666667,-0.00923749962695833,0.548951368304167,0.53971386870625,0.112960424997354,"Spring",0,0,0,NA
"68",68,18.216875,19.266875,0,0,18.1180254855417,16.7930765976667,11.9583333333333,15.375,9.35416666666667,17.2729166666667,16.5291666666667,14.8041666666667,-0.169917614334375,0.670183683759792,0.500266069447917,0.0933271148252781,"Spring",0,0,0,NA
"69",69,19.0454166666667,20.2241666666667,0,0,16.0410149256042,14.8313813921042,11.9583333333333,15.3125,9.70833333333333,17.9,17.2458333333333,15.44375,-0.132740867846667,0.654127994127708,0.521387126266667,0.169974394078865,"Spring",0,0,0,NA
"70",70,18.5858333333333,19.6145833333333,0,0,20.605451405,19.0114982002083,11.9166666666667,15.2291666666667,9.85416666666667,18.4958333333333,17.7333333333333,15.9833333333333,-0.0827771043495833,0.458809107000708,0.376032002666667,0.0992307500483665,"Spring",0,0,0,NA
"71",71,18.5239583333333,19.355,0,0,16.6415364742708,15.5580284238125,11.6458333333333,15.0833333333333,10,18.6145833333333,17.9791666666667,16.3666666666667,-0.130461780265,0.414822535394125,0.2843607551625,0.237795813774158,"Spring",0,0,0,NA
"72",72,18.5304166666667,19.8022916666667,0,0,19.36246502975,17.823181535875,11.4375,14.8541666666667,9.89583333333333,18.7104166666667,18.2166666666667,16.5854166666667,-0.332450122687611,0.390841176062917,0.0583910533765908,0.130735204136637,"Spring",0,0,0,NA
"73",73,19.2520833333333,20.4675,0,0,16.8790568043125,15.4251168063542,11.3541666666667,14.7291666666667,10,19.5604166666667,18.8208333333333,17.00625,-0.342788976562171,0.391613586222917,0.0488246096496417,0.159486613377872,"Spring",0,0,0,NA
"74",74,19.9454166666667,21.035,0,0,14.414505513,13.38188840725,11.2291666666667,14.5833333333333,9.89583333333333,19.20625,18.9354166666667,17.3354166666667,-0.46412452242125,0.521723956997917,0.0575994346,0.129609996578449,"Spring",0,0,0,NA
"75",75,19.3533333333333,20.4395833333333,0,0,16.4994513579167,14.897776523125,11.2291666666667,14.5,10,20.0479166666667,19.2916666666667,17.55,-0.361977434655208,0.442122413341667,0.0801449786779167,0.0885923296040569,"Spring",0,0,0,NA
"76",76,20.3995833333333,21.6208333333333,0,0,17.1824183582083,15.4798128216458,11.0625,14.3333333333333,10,20.3270833333333,19.7145833333333,17.96875,-0.429996791905,0.551268713582708,0.121271921663333,0.0993898308947362,"Spring",0,0,0,NA
"77",77,20.8158333333333,21.97125,0,0,16.3341114877917,14.8302250372917,10.8333333333333,14.25,10,20.4520833333333,20.1729166666667,18.2645833333333,-0.444048564916667,0.61734015789,0.1732915929625,0.0827304768275041,"Spring",0,0,0,NA
"78",78,21.3039583333333,22.211875,0,0,16.3069517763333,15.077459719375,10.8125,14.125,10,21.1354166666667,20.575,18.5583333333333,-0.390983411490625,0.675772466790208,0.284789055333333,0.223115197353304,"Spring",0,0,0,NA
"79",79,21.0670833333333,21.9472916666667,0,0,21.49422718125,19.9783523308333,10.6875,14,10,21.325,21.04375,19.0770833333333,-0.3009442827725,0.599400140545208,0.29845585776875,0.069841104267403,"Spring",0,0,0,NA
"80",80,20.333125,21.1883333333333,0,0,18.6033381636875,17.4287118632708,10.5625,13.75,10,21.0166666666667,20.9541666666667,19.0875,-0.4269942210975,0.807121608848542,0.380127387722917,0.0843589648413331,"Spring",0,0,0,NA
"81",81,19.2072916666667,19.9735416666667,0,0,19.986004486125,18.89987442075,10.3958333333333,13.5833333333333,10,20.41875,20.6770833333333,19.09375,-0.076882095931875,0.655271317122917,0.578389221266667,0.344659702865896,"Spring",0,0,0,NA
"82",82,9.419625,9.83714583333333,0,0,47.2508500547917,47.4197485083333,10.25,13.0416666666667,10,18.5666666666667,18.86875,18.76875,0.0167896740533333,0.373512032023313,0.390301706058333,0.1397732280604,"Spring",0,0,0,NA
"83",83,10.1371458333333,10.7625625,0,0,30.8037283875,30.128685250625,10.3125,12.7083333333333,9.91666666666667,17.89375,17.0479166666667,17.6479166666667,-0.456254137654375,0.826069657475,0.369815519845833,0.126944360160558,"Spring",0,0,0,NA
"84",84,14.9147708333333,15.6210416666667,0,0,21.9341765870417,20.9277648287083,10.3541666666667,12.75,9.97916666666667,18.3395833333333,17.70625,17.59375,-0.271903650302458,0.810015697445,0.538112047122917,0.182484070577327,"Spring",0,0,0,NA
"85",85,13.0022291666667,13.7222083333333,0,0,30.632569225625,29.34019598,10.2916666666667,12.7916666666667,9.97916666666667,19.4916666666667,18.4770833333333,17.8645833333333,-0.438067345293396,0.925604348020833,0.487537002733333,0.117229635384737,"Spring",0,0,0,NA
"86",86,14.7570833333333,15.4910416666667,0,0,28.829074150625,27.592403241875,10.2291666666667,12.75,9.95833333333333,18.8770833333333,18.4770833333333,18.03125,-0.18422123486625,0.791639217133333,0.607417982254167,0.127965370746322,"Spring",0,0,0,NA
"87",87,9.05277083333333,9.52566666666667,2.286,3,50.5704812204167,49.7111324491667,10.0416666666667,12.3125,9.89583333333333,17.6875,17,17.8,0.00574113850875,0.5075737897975,0.513314928310417,0.155285295490247,"Spring",0,0,0,NA
"88",88,11.8972916666667,12.5711666666667,0,0,33.58227595875,31.9352456222917,10.2083333333333,12.2916666666667,9.33333333333333,17.9020833333333,15.9041666666667,17.0666666666667,-0.220648803547917,0.93338847595,0.712739672433333,0.194490180472887,"Spring",0,0,0,NA
"89",89,16.6079166666667,17.2770833333333,0,0,19.3390367116458,18.2427709300208,10.3541666666667,12.3958333333333,9.16666666666667,18.7041666666667,17.2791666666667,17.325,-0.014292194425625,1.10397129534979,1.08967910087917,0.270481853296134,"Spring",0,0,0,NA
"90",90,10.3633958333333,10.7209791666667,0,0,26.8168997427083,27.2184228077083,10.0416666666667,12.0833333333333,9.10416666666667,17.3041666666667,17.1645833333333,17.55,0.274391557752815,0.623448886297646,0.897840444027083,0.522300348599699,"Spring",0,0,0,NA
"91",91,7.6401875,8.03739583333333,0,0,41.3525950404167,41.4815332745833,10,11.9375,9,16.3291666666667,15.7145833333333,16.6395833333333,-0.17993539610875,0.74376524823125,0.56382985204375,0.10626571245048,"Spring",0,0,0,NA
"92",92,10.4226458333333,11.0523958333333,0,0,38.731050509375,37.8753110345833,10.0416666666667,12.0416666666667,9,17.8229166666667,16.2145833333333,16.6104166666667,-0.392522816677292,0.945444115079792,0.552921298420833,0.121137872069845,"Spring",0,0,0,NA
"93",93,13.9508125,14.6341666666667,0,0,27.4467776316667,26.104867565625,10.1041666666667,12.2083333333333,9,18.51875,17.3791666666667,17.1020833333333,-0.146033038760625,0.760590666635417,0.61455762788125,0.252778674422036,"Spring",0,0,0,NA
"94",94,11.825,12.4243125,0,0,22.4421844293542,22.044473211125,9.95833333333333,12.0833333333333,9,19,17.68125,17.5083333333333,-0.241253992593542,0.66811732712625,0.426863334545833,0.11627406708565,"Spring",0,0,0,NA
"95",95,14.9334791666667,15.6104166666667,0,0,16.2261642938542,15.7329308853958,9.79166666666667,12.0625,9,18.95625,17.825,17.4958333333333,-0.272003459814167,0.664071688983333,0.392068229208333,0.0811876475846639,"Spring",0,0,0,NA
"96",96,18.24875,19.3260416666667,0,0,13.8361867855625,12.878505603375,9.70833333333333,12.1666666666667,9,19.19375,18.7520833333333,17.8520833333333,-0.258732754333333,0.656894223735417,0.39816146936875,0.0950440167286717,"Spring",0,0,0,NA
"97",97,19.109375,20.0422916666667,0,0,13.6072982614167,12.9820799553333,9.875,12.25,9,20.6895833333333,19.7,18.20625,-0.248863911069875,0.594021839506458,0.34515792845,0.071291081130816,"Spring",0,0,0,NA
"98",98,19.5491666666667,20.2345833333333,0,0,10.3698034028333,10.4262684881667,9.75,12.2708333333333,8.97916666666667,20.7541666666667,20.2416666666667,18.75625,-0.104569248009375,0.519911914635,0.415342666635417,0.259964574505173,"Spring",0,0,0,NA
"99",99,14.3977083333333,15.2195833333333,0,0,20.783881098125,20.0804018433333,9.625,11.9791666666667,9,19.5041666666667,19.56875,18.8333333333333,-0.47417990362625,0.76292226860125,0.288742364989583,0.148013183693522,"Spring",0,0,0,NA
"100",100,15.8938125,16.7095833333333,0,0,13.4719423119375,13.2636746895417,9.625,11.6458333333333,8.91666666666667,19.86875,19.3791666666667,18.5020833333333,-0.290968149557083,0.582309696118542,0.2913415465375,0.152984949648461,"Spring",0,0,0,NA
"101",101,19.4566666666667,20.1975,0,0,9.04909520504167,9.2656586905625,9.64583333333333,11.7291666666667,8.77083333333333,20.6875,20.1916666666667,18.8270833333333,-0.111302405584812,0.438338387391667,0.327035981808333,0.104424484436994,"Spring",0,0,0,NA
"102",102,19.0439583333333,19.9364583333333,0,0,11.4848622475,11.0183282070833,9.8125,12.0625,8.60416666666667,22.3125,21.3541666666667,19.3979166666667,-0.153230772724375,0.439453496005833,0.286222723272917,0.100594989935528,"Spring",0,0,0,NA
"103",103,20.5860416666667,21.4016666666667,0,0,12.3364864103333,11.7792599889375,9.75,12.1875,8.66666666666667,22.9083333333333,22.0854166666667,20.0770833333333,-0.0928535922845833,0.305019842284167,0.212166249979167,0.113218361371289,"Spring",0,0,0,NA
"104",104,19.5070833333333,20.2202083333333,0,0,13.4481917063125,13.0043332851667,9.625,11.9791666666667,8.3125,22.8291666666667,22.4666666666667,20.4770833333333,-0.0754348016691667,0.215399623657917,0.139964821981042,0.154774279569189,"Spring",0,0,0,NA
"105",105,18.4304166666667,19.4235416666667,0,0,16.9494652541875,15.8810423785833,9.54166666666667,11.9166666666667,8.1875,22.9166666666667,22.4770833333333,20.58125,-0.160271130511875,0.239904960423729,0.079633829910625,0.0856423918170797,"Spring",0,0,0,NA
"106",106,18.66,19.6270833333333,0,0,13.131631882,12.3621933012917,9.52083333333333,11.8125,8.0625,22.9604166666667,22.5375,20.7979166666667,-0.127226267507521,0.225762231195,0.09853596369625,0.106160906152486,"Spring",0,0,0,NA
"107",107,18.83125,19.6552083333333,0,0,13.4819476197917,12.8497966323125,9.60416666666667,11.6666666666667,8,23.725,22.7729166666667,21.0125,-0.121011738869583,0.291303909355833,0.170292170487917,0.213383976605623,"Spring",0,0,0,NA
"108",108,19.9672916666667,20.6983333333333,0,0,15.4984560633125,14.6574864600417,9.64583333333333,11.7916666666667,8,24.60625,23.2145833333333,21.45,-0.0981777593310417,0.29234271504375,0.194164955727708,0.184929518861409,"Spring",0,0,0,NA
"109",109,19.396875,20.0527083333333,0,0,20.9139083475,19.831364405,9.66666666666667,11.8125,8,25.4604166666667,23.84375,22.0020833333333,-0.092924004148125,0.281130593528667,0.188206589369583,0.130437102403643,"Spring",0,0,0,NA
"110",110,19.041875,19.8483333333333,0,0,17.1634437542708,16.2175879058333,9.58333333333333,11.6875,7.85416666666667,25.3666666666667,23.89375,22.325,-0.148213796729583,0.350101735802708,0.201887939070833,0.0572932901952877,"Spring",0,0,0,NA
"111",111,19.504375,20.4947916666667,0,0,10.5071218701458,10.130272060125,9.5625,11.625,8,25.1166666666667,23.7666666666667,22.3791666666667,-0.009382877555625,0.308381106409583,0.298998228839583,0.0884219180928737,"Spring",0,0,0,NA
"112",112,21.223125,22.15,0,0,9.45397947739583,9.37566816854167,9.58333333333333,11.6875,8,25.65625,24.2416666666667,22.5416666666667,-0.0473145649683271,0.456470797165,0.409156232208333,0.100259292430365,"Spring",0,0,0,NA
"113",113,21.1879166666667,21.735,0,0,14.2290742773542,14.3589859446667,9.47916666666667,11.6875,8,25.8645833333333,24.9333333333333,22.9083333333333,0.050694986224375,0.4628883296875,0.513583315920833,0.128483115654813,"Spring",0,0,0,NA
"114",114,20.4054166666667,21.0064583333333,0,0,12.3745483774167,12.08629924825,9.45833333333333,11.625,8,24.8354166666667,24.5145833333333,22.8729166666667,0.101971786701,0.503448891583333,0.6054206783125,0.117642939115548,"Spring",0,0,0,NA
"115",115,17.363125,17.7064583333333,0,0,25.458626529375,25.1607896341667,9.41666666666667,11.5,8,24.1604166666667,23.88125,22.7854166666667,0.0900240822947917,0.515472893641667,0.605496975945833,0.0847340154791632,"Spring",0,0,0,NA
"116",116,16.0985416666667,16.5777083333333,0,0,24.962375595,24.2457696935208,9.47916666666667,11.3125,7.95833333333333,24.3520833333333,23.0208333333333,22.3458333333333,0.231782965863125,0.418956309313125,0.650739275179167,0.145355496275567,"Spring",0,0,0,NA
"117",117,19.33625,19.788125,0,0,25.3392735802083,24.53770773625,9.47916666666667,11.3958333333333,7.97916666666667,24.49375,23.3895833333333,22.5083333333333,0.286267508911042,0.536217384414583,0.8224848933625,0.164443690102044,"Spring",0,0,0,NA
"118",118,17.2970833333333,17.57,0,0,35.6000934056042,35.602716733125,9.39583333333333,11.125,7.8125,23.7375,23.4458333333333,22.6354166666667,0.454595134748271,0.404424136909833,0.859019271714583,0.254017770848672,"Spring",0,0,0,NA
"119",119,11.1909791666667,11.47375,0,0,15.3505679218542,15.4759364475,9.39583333333333,10.9791666666667,7.625,23.71875,22.0833333333333,22.1958333333333,0.0584092299189583,0.468330485220833,0.526739715135417,0.0888500515570161,"Spring",0,0,0,NA
"120",120,14.3270833333333,14.9427083333333,0,0,15.7978655644792,15.4801100680417,9.375,10.7083333333333,7.33333333333333,23.2625,21.4916666666667,21.8770833333333,0.0631343118735625,0.342106817237708,0.405241129114583,0.065304099763014,"Spring",0,0,0,NA
"121",121,18.4516666666667,19.26375,0,0,10.5867577016667,10.4227973128542,9.47916666666667,11.125,7.29166666666667,24.45625,22.7229166666667,22.0791666666667,0.114924818431042,0.195674742093875,0.310599560527083,0.127798052885811,"Spring",0,0,0,NA
"122",122,20.2602083333333,20.8397916666667,0,0,11.03748536625,10.9677012803333,9.41666666666667,11.2291666666667,7.375,25.4291666666667,23.6791666666667,22.5458333333333,0.148235586433604,0.15742945633875,0.30566504278125,0.168312442658461,"Spring",0,0,0,NA
"123",123,21.504375,22.218125,0,0,15.0971462247708,14.2409509541875,9.5625,11.375,7.52083333333333,26.8458333333333,24.8229166666667,23.1083333333333,0.226634906081458,0.0789354625634583,0.305570368645833,0.172719565502994,"Spring",0,0,0,NA
"124",124,24.0177083333333,24.6935416666667,0,0,13.3141155356042,12.7635899838958,9.52083333333333,11.4166666666667,7.70833333333333,28.0979166666667,26.1583333333333,23.8645833333333,0.216784277919521,0.1415833656075,0.358367643520833,0.22773715483829,"Spring",0,0,0,NA
"125",125,24.9589583333333,25.4725,0,0,14.9764142794375,14.3788188372083,9.47916666666667,11.4583333333333,7.875,28.6083333333333,27.0875,24.575,0.271087733977917,0.109362266061458,0.380450000045833,0.300728630143958,"Spring",0,0,0,NA
"126",126,22.3972916666667,22.7258333333333,0,0,21.7581493859792,21.3098901175,9.4375,11.4166666666667,7.95833333333333,27.7375,26.9708333333333,24.8416666666667,0.535493095056042,0.0774753765953333,0.61296847164375,0.518332413413113,"Spring",0,0,0,NA
"127",127,15.6577083333333,15.9383333333333,0,0,39.68863308625,39.6452368158333,9.33333333333333,11,7.64583333333333,25.1333333333333,25.3458333333333,24.4270833333333,0.385527397861458,0.088707184436875,0.474234582302083,0.386943521683325,"Spring",0,0,0,NA
"128",128,14.7391666666667,14.8147916666667,0,0,42.6781721777083,43.2054086210417,9.25,10.8125,7.10416666666667,23.50625,23.4875,23.5041666666667,0.139445613216104,0.15334291242136,0.292788525627083,0.134271966660709,"Spring",0,0,0,NA
"129",129,7.86847916666667,8.206625,1.651,3,66.2158423585417,65.9242280925,8.97916666666667,10.1041666666667,7.02083333333333,19.0125,20.725,22.39375,0.289367768844437,0.127445063996833,0.416812832825,0.68675555216791,"Spring",0,0,0,NA
"130",130,10.0054166666667,10.5755208333333,0,0,55.9667428183333,54.4430897639583,9,9.85416666666667,7,18.0208333333333,18.375,20.5,0.293645125277938,0.0414176474479167,0.335062772720833,0.286359893460989,"Spring",0,0,0,NA
"131",131,16.3522083333333,16.9620833333333,0,0,34.1662348508333,32.8155045341667,9.64444444444444,10.1555555555556,7,21.0022222222222,19.7866666666667,20.3755555555556,0.196408118099583,0.141505204132083,0.337913322233333,0.285897042008722,"Spring",0,0,0,NA
"132",132,21.74625,22.2895833333333,0,0,22.8183364010625,21.957058205625,10.0208333333333,10.4375,7,24.7,22.9354166666667,21.5833333333333,0.314106961297292,0.0730554482929167,0.387162409589583,0.288192190177046,"Spring",0,0,0,NA
"133",133,22.646875,23.1889583333333,0,0,19.0755236661667,18.3423686497083,10.125,10.7916666666667,7,26.2020833333333,24.9770833333333,22.7520833333333,0.33622003954875,0.0697330779370833,0.405953117495833,0.314694239305364,"Spring",0,0,0,NA
"134",134,20.3304166666667,20.7710416666667,0,0,18.5059637798333,18.1309958392292,9.70833333333333,10.7291666666667,7,25.7916666666667,25.33125,23.3791666666667,0.295802071408542,0.04867226428,0.344474335689583,0.276439563645606,"Spring",0,0,0,NA
"135",135,18.49875,18.8214583333333,0,0,22.1578118338958,21.8159699102083,9.5,10.6458333333333,7,24.9916666666667,24.9458333333333,23.39375,0.283952741506042,0.0442165764064583,0.3281693179125,0.263326191186434,"Spring",0,0,0,NA
"136",136,13.7522916666667,13.9979166666667,0,0,37.0645887547917,37.3730818989583,9.3125,10.4583333333333,7,23.4916666666667,23.8895833333333,23.1916666666667,-0.0641153265679021,0.240705927890833,0.176590601320833,0.0231388084470833,"Spring",0,0,0,NA
"137",137,16.1017083333333,16.538125,0,0,23.9963319424167,23.5780111627083,9.41666666666667,10.3958333333333,7,23.1770833333333,22.8895833333333,22.4104166666667,-0.00496980382764584,0.258473054708333,0.253503250883333,0.107290346631307,"Spring",0,0,0,NA
"138",138,16.351875,16.6285416666667,0,0,27.0760601325,26.8556506845833,9.41666666666667,10.375,7,25.1833333333333,23.8520833333333,22.7958333333333,-0.0710471405475,0.390236627642083,0.319189487104167,0.124684387107599,"Spring",0,0,0,NA
"139",139,16.1025,16.478125,0,0,14.1012454438542,14.0577245900208,9.39583333333333,10.4375,7,25.8270833333333,24.0479166666667,23.3020833333333,-0.14151337586799,0.398340107084375,0.256826731216667,0.0761512852521703,"Spring",0,0,0,NA
"140",140,19.07375,19.6891666666667,0,0,13.5981203223125,13.521338856125,9.39583333333333,10.3958333333333,7,26.1895833333333,24.6083333333333,23.5541666666667,-0.016507397881875,0.2340738487275,0.217566450854167,0.178896099691445,"Spring",0,0,0,NA
"141",141,22.75625,23.2960416666667,0,0,11.0528555936042,11.0476922461042,9.4375,10.5208333333333,7,27.7041666666667,25.90625,24.0604166666667,0.09891045904,0.125006034915625,0.223916493961875,0.290596169075325,"Spring",0,0,0,NA
"142",142,23.2502083333333,24.0322916666667,0,0,10.8173846976458,10.5653213813958,9.45833333333333,10.6041666666667,7.02083333333333,28.94375,26.9083333333333,24.8104166666667,-0.0238969713619792,0.171974317578958,0.148077346216667,0.168837556543432,"Spring",0,0,0,NA
"143",143,24.2422916666667,25.058125,0,0,11.4238131232083,11.0241874600208,9.5,10.625,7,29.9208333333333,27.56875,25.44375,-0.0448866923445833,0.229804897597292,0.184918205254167,0.0925969234075634,"Spring",0,0,0,NA
"144",144,25.555,26.2004166666667,0,0,10.0892845749375,9.9651572380625,9.47916666666667,10.625,7.14583333333333,30.3166666666667,28.24375,26.0270833333333,0.144718848183333,0.202573132099583,0.3472919802875,0.323432963900254,"Spring",0,0,0,NA
"145",145,23.7325,24.1145833333333,0,0,12.1073041005,11.9776398429167,9.39583333333333,10.6458333333333,7.35416666666667,29.7416666666667,28.5270833333333,26.4270833333333,0.266006084165854,0.116446303822271,0.3824523879875,0.197054019435462,"Spring",0,0,0,NA
"146",146,22.4304166666667,22.7464583333333,0,0,16.1850884827917,15.9823926380208,9.375,10.5208333333333,7.16666666666667,28.9854166666667,28.2291666666667,26.2625,0.217148169013944,0.149305056951875,0.366453225964583,0.222396063231667,"Spring",0,0,0,NA
"147",147,22.2041666666667,22.7945833333333,0,0,13.5426924427083,13.4452514523958,9.35416666666667,10.4375,7.10416666666667,28.6229166666667,27.8854166666667,26.0645833333333,0.171042871830833,0.173936097297917,0.344978969133333,0.289307783239704,"Spring",0,0,0,NA
"148",148,23.5310416666667,24.181875,0,0,8.318188889125,8.68099205472917,9.41666666666667,10.375,7.08333333333333,28.8020833333333,27.90625,26.0625,0.151496494157292,0.174440559659583,0.325937053820833,0.301778343605518,"Spring",0,0,0,NA
"149",149,24.2452083333333,24.9620833333333,0,0,10.1142892216458,10.1634107625417,9.35416666666667,10.3541666666667,7.02083333333333,28.8604166666667,28.1104166666667,26.2520833333333,0.143202482063125,0.179334848385833,0.322537330447917,0.266847570197968,"Spring",0,0,0,NA
"150",150,21.1172222222222,22.3558333333333,0,0,29.2676229408333,27.50092571,9.27083333333333,10.0416666666667,7.9375,28.0916666666667,27.675,26.30625,0.127129595740625,0.154412974775292,0.28154257051875,0.269734023103763,"Spring",0,0,0,NA
"151",151,22.8564583333333,23.1514583333333,0,0,24.3780030216875,24.1172636435,9.39583333333333,9.97916666666667,9.33333333333333,28.6333333333333,27.275,26.0791666666667,0.313186287624771,0.0380132229850417,0.351199510614583,0.296989258405607,"Spring",0,0,0,NA
"152",152,21.8279166666667,22.3233333333333,0,0,18.1714592875,17.8925787885417,9.25,9.85416666666667,9.25,27.49375,27.06875,26.0020833333333,0.194832271535,0.0675469558858333,0.26237922741875,0.189106100011194,"Spring",0,0,0,NA
"153",153,23.4314583333333,24.0297916666667,0,0,15.856822966375,15.2146600299167,9.41666666666667,9.8125,9.10416666666667,28.7979166666667,27.4,25.79375,0.192022521171333,0.149522382765208,0.341544903914583,0.329571223619315,"Spring",0,0,0,NA
"154",154,25.406875,26.01,0,0,22.1101386814583,20.78181341125,9.45833333333333,10.1458333333333,9.39583333333333,31.3520833333333,29.1020833333333,26.7375,0.096204403895,0.157134482741458,0.2533388866625,0.177026277988736,"Spring",0,0,0,NA
"155",155,26.6120833333333,27.3077083333333,0,0,18.0208048997917,16.840055815,9.47916666666667,10.1458333333333,9.54166666666667,31.26875,29.44375,27.3729166666667,0.260953031884167,0.0884074567689792,0.349360488654167,0.305651703609645,"Spring",0,0,0,NA
"156",156,26.9539583333333,27.5564583333333,0,0,17.0026185794792,15.9726359651042,9.47916666666667,10.1875,9.625,32.0791666666667,30.1333333333333,27.74375,0.359371654435833,0.0531318329389583,0.412503487377083,0.305496074612746,"Spring",0,0,0,NA
"157",157,27.523125,28.1614583333333,0,0,19.7116268854167,18.4208068122917,9.4375,10.1458333333333,9.6875,32.4270833333333,30.59375,28.2145833333333,0.338164805621667,0.099785719764375,0.43795052538125,0.309058975136612,"Spring",0,0,0,NA
"158",158,24.9575,25.694375,1.397,2,29.3897298002083,26.93867274,9.16666666666667,9.85416666666667,9.66666666666667,29.0604166666667,29.0583333333333,28.3166666666667,0.412976401028521,0.123851611454167,0.5368280124875,0.504492626647356,"Spring",0,0,0,NA
"159",159,25.514375,26.1552083333333,0,0,28.33360693375,26.2584568816667,9.54166666666667,9.41666666666667,9,29.0958333333333,27.6041666666667,27.0375,0.377203761822292,0.0642194842554167,0.441423246075,0.448399187240229,"Spring",0,0,0,NA
"160",160,26.3870833333333,26.9222916666667,0,0,20.760539993125,19.5608881029167,9.60416666666667,9.52083333333333,9,30.9458333333333,29.15,27.43125,0.320040746284792,0.0808806436133125,0.400921389897917,0.296875975025984,"Spring",0,0,0,NA
"161",161,25.4495833333333,26.1252083333333,0,0,12.5974253957292,12.2518847805833,9.5,9.72916666666667,9.14583333333333,31.28125,30.2416666666667,28.025,0.469017394157896,0.0437252999116667,0.512742694070833,0.468959709332727,"Spring",0,0,0,NA
"162",162,23.7485416666667,24.1654166666667,0,0,12.9278452108125,12.6548305157917,9.41666666666667,9.60416666666667,9.10416666666667,30.2583333333333,29.9145833333333,27.9708333333333,0.504730518911833,0.0498092938845833,0.5545398128,0.544839263923118,"Spring",0,0,0,NA
"163",163,23.4141666666667,23.8077083333333,0,0,21.2438667965,20.6153758077083,9.39583333333333,9.58333333333333,9,30.8354166666667,30.0416666666667,27.9270833333333,0.479079566792083,0.0142376255585417,0.49331719235,0.352066137850156,"Spring",0,0,0,NA
"164",164,22.609375,23.0779166666667,0,0,13.6985587960833,13.6590680329792,9.4375,9.5625,9.08333333333333,31.40625,30.0479166666667,28.1020833333333,0.404919886397917,0.0472036519213333,0.452123538322917,0.460615286250311,"Spring",0,0,0,NA
"165",165,25.8864583333333,26.7175,0,0,6.04357633591667,6.54334737164583,9.41666666666667,9.52083333333333,9.04166666666667,31.5020833333333,30.2145833333333,28.2916666666667,0.484685448922292,0.04088174363125,0.52556719255625,0.507656479551772,"Spring",0,0,0,NA
"166",166,27.503125,28.5141666666667,0,0,3.85047080960417,4.51350590583333,9.45833333333333,9.52083333333333,9.02083333333333,32.1291666666667,30.9354166666667,28.55625,0.306509651448556,0.116467463114375,0.42297711455625,0.417164613343418,"Spring",0,0,0,NA
"167",167,26.6972916666667,27.5689583333333,0,0,5.49413922514583,6.01944009027083,9.4375,9.47916666666667,9.02083333333333,32.6333333333333,31.2291666666667,28.8791666666667,0.354828084374125,0.05200056729375,0.406828651670833,0.331985745081488,"Spring",0,0,0,NA
"168",168,26.5629166666667,27.2785416666667,0,0,8.79587241,8.77064213491667,9.4375,9.52083333333333,9,33.2041666666667,31.4270833333333,29.1979166666667,0.322031391813125,0.0457755039329167,0.367806895747917,0.360210533350063,"Spring",0,0,0,NA
"169",169,28.4227083333333,29.0204166666667,0,0,10.2955938631667,10.1509350493125,9.47916666666667,9.47916666666667,9.04166666666667,34.2729166666667,32.1333333333333,29.6,0.360764864394167,0.0822716931072917,0.443036557497917,0.401006381944638,"Spring",0,0,0,NA
"170",170,31.1616666666667,31.7860416666667,0,0,10.8019423407708,10.3449808074375,9.58333333333333,9.47916666666667,9.1875,35.55,33.0291666666667,30.1479166666667,0.355564486731667,0.0831895756604167,0.43875406239375,0.350290023240785,"Spring",0,0,0,NA
"171",171,32.1595833333333,32.4895833333333,0,0,16.47978575475,15.2993676526042,9.64583333333333,9.66666666666667,9.6875,37.5020833333333,34.575,31.1479166666667,0.441591618018125,0.135344867342292,0.57693648535625,0.489638182996343,"Spring",0,0,0,NA
"172",172,30.1022916666667,30.95625,6.35,2,22.0156161508333,19.3329769095833,9.39583333333333,9.33333333333333,9.79166666666667,33.0895833333333,32.69375,31.39375,0.390277567969167,0.432773140456667,0.82305070841875,0.848147385360175,"Spring",1,172,1,172
"173",173,29.1889583333333,29.658125,0,0,28.1714879152083,25.9016279733333,9.97916666666667,9.04166666666667,9.125,31.7020833333333,29.6229166666667,29.6395833333333,1.02197168486917,0.0701391414729167,1.09211082633542,0.633204972638254,"Spring",0,0,0,173
"174",174,29.2264583333333,29.66875,0,0,27.2329649595833,25.65930436,10.75,9.33333333333333,9.10416666666667,33.1333333333333,30.9833333333333,29.8479166666667,0.670389885905979,0.3627410765925,1.03313096245417,0.282899028237142,"Spring",0,0,0,174
"175",175,30.6154166666667,31.0754166666667,0,0,19.9168613590208,18.5921845915625,10.7291666666667,9.41666666666667,9.22916666666667,34.1708333333333,32.1625,30.21875,0.841159299408333,0.618899063301042,1.460058362625,0.307666099614889,"Spring",0,0,0,175
"176",176,26.5022916666667,27.0235416666667,25.654,2,36.5915993472917,34.429162389375,16.2708333333333,9.54166666666667,9.3125,31.1104166666667,31.0270833333333,30.5541666666667,1.07698990546458,0.632367271842083,1.7093571773125,0.836103305928092,"Spring",1,176,1,176
"177",177,25.710625,26.3970833333333,1.651,1,39.2225425827083,36.6968901170833,23.125,15,9,26.025,26.08125,28.2083333333333,2.20722611385833,0.145342542008187,2.35256865585417,1.00710190393923,"Spring",0,0,0,177
"178",178,27.5004166666667,28.161875,0,0,25.2079798533333,22.8240022979167,21.1666666666667,16.2708333333333,9.04166666666667,27.88125,26.7895833333333,27.425,1.4361089690625,0.271991581058333,1.70810055016667,0.411111714800384,"Spring",0,0,0,178
"179",179,26.73125,27.2120833333333,0,0,29.0564934958333,27.4461539770833,19.6458333333333,15.5416666666667,9.33333333333333,28.8958333333333,28.2395833333333,28.075,1.10436245535522,0.297490533607292,1.401852989,0.274591584837839,"Spring",0,0,0,179
"180",180,26.5141666666667,27.1372916666667,0,0,25.3132466523542,23.6758401925833,18.6875,14.75,10,30.05625,29.6208333333333,28.7125,0.708218095604792,0.4507872375125,1.1590053331625,0.252138560161753,"Spring",0,0,0,180
"181",181,27.250625,28.2775,0,0,9.65002634485417,8.90616807352083,17.5833333333333,13.875,10.25,30.0875,30.1541666666667,29.0333333333333,0.325340286929167,0.57386437095,0.899204657847917,0.118064749570342,"Spring",0,0,0,NA
"182",182,29.0854166666667,29.9391666666667,0,0,7.81937327275,7.7574423583125,16.6458333333333,13.25,10.7291666666667,30.6020833333333,30.80625,29.2395833333333,0.437762830933188,0.4375014599,0.87526429081875,0.268419069836849,"Summer",0,0,0,NA
"183",183,25.9927083333333,26.8191666666667,0,0,25.1661503697917,23.3687606397917,15.625,12.6458333333333,10.9791666666667,29.775,30.4604166666667,29.525,0.186445355507938,0.633375226777292,0.819820582354167,0.179549713888516,"Summer",0,0,0,NA
"184",184,23.9095833333333,24.6739583333333,59.944,8,42.3695251897917,39.1370632714583,19.7916666666667,16.625,13.125,28.4083333333333,28.6104166666667,28.9395833333333,0.250794065914583,0.713105076380833,0.963899142254167,0.321030743686402,"Summer",1,184,1,184
"185",185,25.8291666666667,26.3554166666667,0,0,39.8791099441667,37.2497872202083,25.375,26.8541666666667,22.2708333333333,26.16875,25.6395833333333,27,1.20051411942152,0.320532446412396,1.52104656583333,0.574762779510458,"Summer",0,0,0,185
"186",186,26.9335416666667,27.5227083333333,0,0,32.5038172964583,29.7368530891667,22.1875,23.1666666666667,20.375,27.2979166666667,26.74375,26.8270833333333,0.571663620448333,1.09628963761458,1.6679532580625,0.415857266720377,"Summer",0,0,0,186
"187",187,28.0495833333333,28.953125,0,0,31.0038752110417,27.7246296725,20.625,21.1875,19.7916666666667,29.5229166666667,28.4083333333333,27.79375,0.167981889011458,1.72660513723333,1.89458702627083,0.360961137082799,"Summer",0,0,0,187
"188",188,28.1727083333333,28.7341666666667,0,0,25.648646215,23.4062983329167,19.2916666666667,19.25,19.0208333333333,30.4916666666667,29.5020833333333,28.66875,0.105086737842292,2.19087779655625,2.2959645344375,0.344005156584367,"Summer",0,0,0,188
"189",189,27.1047916666667,27.5689583333333,0,0,34.5989582854167,32.5342814633333,18.25,17.3958333333333,18.375,30.8270833333333,30.0458333333333,29.18125,-0.0257812863104167,2.55221646186875,2.5264351755625,0.387297679492186,"Summer",0,0,0,NA
"190",190,23.9995833333333,24.91375,8.509,2,50.2329106391667,46.4783423389583,20.1666666666667,17.7916666666667,18,27.8395833333333,28.2729166666667,28.9979166666667,0.49037738437125,2.09784036321271,2.58821774758333,0.340821443442233,"Summer",1,190,1,190
"191",191,22.0429166666667,22.7904166666667,2.159,5,63.2817508027083,59.246413746875,21.8333333333333,20.4583333333333,17.4166666666667,25.9770833333333,25.5979166666667,27.1916666666667,0.212766649385417,2.42190855136875,2.63467520075,0.503061868030955,"Summer",0,0,0,191
"192",192,22.4879166666667,22.853125,0,0,62.1299196454167,60.2692697466667,21.0625,18.8125,17.5625,27.6291666666667,25.5625,26.7354166666667,-0.313106248927083,3.17683167024979,2.86372542135417,0.543216490491745,"Summer",0,0,0,192
"193",193,21.2547916666667,21.8889583333333,14.732,4,71.926970745625,69.290322439375,23.4375,22.5,18.8541666666667,25.2041666666667,25.3333333333333,26.8916666666667,0.36164575676875,2.279728936325,2.64137469308333,0.394275656580112,"Summer",1,193,1,193
"194",194,21.8177083333333,22.49125,39.751,7,66.5930848489583,62.9939740370833,26.125,28.7291666666667,22.4375,25.0479166666667,24.0604166666667,25.6729166666667,-0.973376234066667,3.59742215455,2.62404592047917,0.483584240957166,"Summer",1,194,1,194
"195",195,23.936875,24.5264583333333,0,0,55.70677154625,53.0444827441667,25.9583333333333,29.5625,25.3541666666667,25.2979166666667,23.9791666666667,25.3354166666667,-0.793170190775,3.72018189790625,2.92701170716667,0.590340800634025,"Summer",0,0,0,195
"196",196,23.8197916666667,24.3279166666667,0.635,1,60.3462146841667,57.8352000395833,23.25,25.1875,23.2708333333333,26.4020833333333,25.0895833333333,25.70625,-0.927159537672917,3.81738883300417,2.89022929554167,0.982015470830628,"Summer",0,0,0,196
"197",197,20.6335416666667,21.081875,2.286,2,79.5183730547917,76.8067443422917,21.75,23.375,22.1458333333333,25.45625,25.0708333333333,26.0229166666667,-0.4168792699125,2.84108667104854,2.42420740110417,0.640135864395888,"Summer",0,0,0,197
"198",198,20.2277083333333,20.8241666666667,8.128,3,78.173007745,75.2869686597917,23.6875,25.5208333333333,21.8333333333333,24.1208333333333,24.0541666666667,25.3041666666667,-1.04192594926458,3.23439635702708,2.19247040760417,0.210347303679957,"Summer",1,198,1,198
"199",199,22.3802083333333,22.795,0,0,66.1684545039583,64.0088586683333,24.4166666666667,26.3333333333333,23,24.95,23.9541666666667,24.8520833333333,-1.44902242411458,3.80431301798688,2.3552905938125,0.55397048193672,"Summer",0,0,0,199
"200",200,21.5383333333333,22.0847916666667,0,0,67.6304650383333,65.4552764827083,22.125,23.75,22.125,24.3104166666667,24.175,25.1041666666667,-1.39397738713,3.59234171781667,2.198364330875,0.583693297203171,"Summer",0,0,0,200
"201",201,21.1127083333333,21.5160416666667,0,0,70.3892176522917,68.8714530414583,20.9583333333333,22.3958333333333,21.2708333333333,25.6770833333333,24.4020833333333,25.01875,-1.71682008774792,3.84899592568542,2.132175838125,0.718546088955346,"Summer",0,0,0,201
"202",202,20.6447916666667,21.2377083333333,0.508,1,77.6941340895833,75.177924930625,19.875,21.2083333333333,21,24.7729166666667,24.525,25.2729166666667,-1.67356772968333,3.49148012930563,1.81791239972917,0.176507887968958,"Summer",0,0,0,202
"203",203,20.3933333333333,21.041875,2.413,4,81.2615335066667,78.26991295125,19.0416666666667,20.3333333333333,20.2083333333333,23.5354166666667,23.7541666666667,24.6770833333333,-1.37859000486812,3.09203920387708,1.71344919902083,0.153046835738219,"Summer",0,0,0,NA
"204",204,20.38125,20.8404166666667,2.032,2,82.3615337402083,80.0525084954167,19.8125,20,20,24.1270833333333,23.4479166666667,24.3395833333333,-1.9762648974125,3.6952046248875,1.71893972779167,0.48034877550121,"Summer",0,0,0,NA
"205",205,20.9827083333333,21.575,0,0,77.973570289375,75.400448584375,19.7916666666667,19.3541666666667,19.6875,24.33125,23.56875,24.3916666666667,-2.4485021263775,4.21181212185317,1.7633099954375,0.496260741311464,"Summer",0,0,0,NA
"206",206,23.5691666666667,24.3064583333333,0,0,62.3483186227083,59.0242897720833,19,18.5416666666667,19.0625,25.9958333333333,24.3270833333333,24.7104166666667,-3.58013728140208,5.43878002270208,1.858642741375,0.214620051930589,"Summer",0,0,0,NA
"207",207,23.055625,23.900625,11.684,3,66.9906808625,62.476051520625,21.4166666666667,21.4375,19.2083333333333,26.0625,25.0604166666667,25.5354166666667,-1.86635524985153,3.71783284363125,1.85147759404167,0.226178285560022,"Summer",1,207,1,207
"208",208,22.7545833333333,23.4835416666667,8.382,6,67.013542151875,63.126098234375,24.9166666666667,26.6458333333333,21,25.1458333333333,24.35,25.1270833333333,-2.46474414494375,4.38665053621875,1.92190639127083,0.459429374057043,"Summer",1,208,1,208
"209",209,20.7145833333333,21.3602083333333,29.464,8,72.5979811577083,69.07245713375,26.875,30.3541666666667,23.1041666666667,24.6,23.53125,24.78125,-3.03989309475,4.77322589996667,1.73333280535417,0.360357633973379,"Summer",1,209,1,209
"210",210,19.9339583333333,20.5435416666667,3.683,6,79.4664008845833,76.05836777875,26.9791666666667,30.7291666666667,25.5416666666667,24.0833333333333,23.1625,24.4895833333333,-2.34527186525833,4.11912566535417,1.77385380022917,0.719492532668634,"Summer",0,0,0,210
"211",211,21.039375,21.5210416666667,2.286,3,79.476964475,76.9618571927083,25.7083333333333,28.9583333333333,24.8958333333333,24.8375,23.6520833333333,24.4604166666667,-2.37271358946875,4.1299934866875,1.75727989729167,0.272372114913762,"Summer",0,0,0,211
"212",212,23.4802083333333,24.1295833333333,0,0,65.711691341875,62.0346921270833,23.75,26.5,23.5833333333333,25.2166666666667,24.09375,24.6395833333333,-2.06253952205417,4.319382233425,2.256842711375,1.24248595741025,"Summer",0,0,0,212
"213",213,21.0054166666667,21.3591666666667,11.684,6,77.7512394354167,75.931740345625,27.0416666666667,31.4791666666667,25.0208333333333,24.8104166666667,23.96875,24.7875,-2.57530118709167,4.45920638847917,1.88390520177083,0.533148499882578,"Summer",1,213,1,213
"214",214,21.2904166666667,21.8972916666667,23.368,3,73.6389662620833,70.867074694375,26.7708333333333,30.9375,25.1666666666667,24.1895833333333,23.5520833333333,24.5645833333333,-1.95641694283125,4.07440036244958,2.11798341939583,1.10050614609601,"Summer",1,214,1,214
"215",215,23.1141666666667,23.79,0,0,62.6794470320833,58.8361840395833,26.5625,30.7708333333333,25.9166666666667,24.8416666666667,23.6229166666667,24.3645833333333,-2.73716276137292,4.91523368708333,2.17807092591667,0.631106560391188,"Summer",0,0,0,215
"216",216,23.15875,23.9995833333333,0,0,64.5600011514583,60.4651740339583,24.4166666666667,27.3541666666667,24.3541666666667,25.0541666666667,24.1916666666667,24.6708333333333,-3.21653371792027,5.3971507481875,2.18061703020833,0.581710503913255,"Summer",0,0,0,216
"217",217,23.379375,24.06875,0,0,59.9604524258333,56.4730164670833,22.75,25.4583333333333,23.2916666666667,26.1479166666667,24.7458333333333,25,-3.54003860877708,5.74483932937292,2.20480072035417,0.389559723316605,"Summer",0,0,0,217
"218",218,23.2266666666667,24.0708333333333,0,0,55.011324309375,50.8778626052083,21.1666666666667,23.625,22.3958333333333,26.6020833333333,25.1625,25.4708333333333,-3.7635790359875,5.9653008338375,2.20172179839583,0.330660039700074,"Summer",0,0,0,218
"219",219,24.300625,25.4077083333333,0,0,40.7210838929167,35.8508063335417,19.4791666666667,21.8125,21.7083333333333,26.6645833333333,25.3020833333333,25.6458333333333,-3.80044633012521,6.1363390459375,2.33589271625,0.279678410562189,"Summer",0,0,0,NA
"220",220,26.059375,27.401875,0,0,32.7899583191667,27.6509976266667,17.9583333333333,19.6875,21.0208333333333,27.2604166666667,25.8625,25.96875,-2.92837294617917,5.5021509914375,2.57377804558333,0.308397994721774,"Summer",0,0,0,NA
"221",221,24.9210416666667,25.993125,0,0,47.5192806027083,43.3572060916667,17.0208333333333,18.1666666666667,20.3333333333333,26.825,26.1291666666667,26.1541666666667,-1.47443340387083,4.12169082254167,2.64725741858333,0.81333165834891,"Summer",0,0,0,NA
"222",222,22.8591666666667,23.739375,9.779,8,60.973499356875,56.3300676589583,18.0208333333333,17.875,19.8541666666667,26.1916666666667,25.825,26.0375,-1.73369467469875,4.19622427375,2.4625295994375,0.827829893838828,"Summer",1,222,1,222
"223",223,24.128125,24.8329166666667,0,0,57.1375156022917,53.4103635585417,22,22.875,19.0833333333333,25.1041666666667,24.6291666666667,25.325,-2.35286282584208,4.93447182058333,2.58160899485417,0.511080848310991,"Summer",0,0,0,223
"224",224,22.8364583333333,23.475625,25.654,6,64.2460412789583,61.3165253647917,22.1875,23.2916666666667,19.4583333333333,25.5729166666667,24.95,25.41875,-2.30746626183542,4.85830061889583,2.55083435766667,0.636774834638012,"Summer",1,224,1,224
"225",225,21.1529166666667,21.83875,0,0,71.2275132535417,68.0087506704167,26.7916666666667,31.125,24.8958333333333,23.8520833333333,23.7229166666667,24.8770833333333,-2.47744633178958,4.85891259780625,2.38146626585417,0.327553160371241,"Summer",0,0,0,225
"226",226,21.274375,22.0302083333333,0,0,70.860745696875,67.40812930875,23.8958333333333,26.875,23.5625,23.84375,23.7645833333333,24.4395833333333,-1.76860544545417,4.18974436889583,2.42113892383333,0.344247715608773,"Summer",0,0,0,226
"227",227,22.4470833333333,23.30875,0,0,57.826108699375,54.2533675535417,22.5625,24.9166666666667,22.5833333333333,23.7916666666667,23.8166666666667,24.2229166666667,-2.9132643005625,5.51264074808333,2.599376447625,0.312704815694242,"Summer",0,0,0,227
"228",228,22.2639583333333,23.3772916666667,0,0,40.767257305625,35.9801225991667,20.7708333333333,23.2291666666667,21.9375,24.1270833333333,23.6645833333333,24.2166666666667,-2.61867276797917,5.31887923449792,2.70020646610417,0.424989900482559,"Summer",0,0,0,228
"229",229,23.3975,24.8622727272727,0,0,32.2401780827273,27.3688730063636,19.3181818181818,21.5,21.0454545454545,24.5931818181818,23.95,24.5727272727273,-2.26047103202341,5.22120872790909,2.96073769570455,0.325134084958431,"Summer",0,0,0,NA
"230",230,24.2010416666667,25.4564583333333,0,0,29.0195816027083,24.5835209375,18.0833333333333,19.6458333333333,20.375,25.5958333333333,24.4,24.8104166666667,-2.59056610605417,5.73647521735417,3.14590911147917,0.426409395617006,"Summer",0,0,0,NA
"231",231,22.0954166666667,22.8408333333333,0,0,55.7421165177083,52.8691582358333,17.125,18.3958333333333,20,25.1541666666667,24.775,25.0916666666667,-1.31428873989583,4.39734622640874,3.0830574865625,0.682211303520721,"Summer",0,0,0,NA
"232",232,20.7716666666667,21.4191666666667,0.254,1,60.8933625429167,58.4267256216667,16.6458333333333,18,19.1666666666667,24.4291666666667,24.4145833333333,24.6625,-1.28415474037083,4.18893468838125,2.90477994825,0.392030700012274,"Summer",0,0,0,NA
"233",233,23.2397916666667,24.221875,0,0,47.509172133125,43.776596613125,16.3541666666667,17.1666666666667,18.9791666666667,24.99375,24.4958333333333,24.50625,-2.06451852992804,5.49288175289583,3.42836322283333,0.482108042274971,"Summer",0,0,0,NA
"234",234,25.2635416666667,26.17,0,0,44.6084676983333,41.0443324677083,16.2708333333333,16.3958333333333,18.3541666666667,26.3229166666667,25.2479166666667,25.0270833333333,-1.26322409268542,5.218785127,3.95556103420833,0.5319193939859,"Summer",0,0,0,NA
"235",235,21.6022916666667,22.52875,2.794,6,63.27975527875,59.5392112016667,15.8541666666667,16,18,24.93125,25.1583333333333,25.29375,-0.362457407838958,3.90895038727083,3.54649297966667,0.529343374691186,"Summer",0,0,0,NA
"236",236,21.4610416666667,22.0072916666667,0,0,59.166332765625,56.8881202885417,15.4791666666667,15.9583333333333,17.3541666666667,24.1708333333333,23.9166666666667,24.43125,-0.819249308025,4.47908666572917,3.6598373576875,0.704763585318014,"Summer",0,0,0,NA
"237",237,22.8539583333333,24.07875,4.191,2,55.8294718472917,50.3687491579167,15.3125,15.6041666666667,17,24.13125,24.0604166666667,24.475,-0.491000409213125,4.149968442375,3.65896803335417,0.378890548500039,"Summer",0,0,0,NA
"238",238,23.978125,24.786875,0,0,50.0681897029167,46.3140256870833,15.375,15.2916666666667,16.4791666666667,23.9479166666667,23.66875,24.16875,-0.951179799345833,4.5385743211875,3.5873945218125,0.470553021741799,"Summer",0,0,0,NA
"239",239,24.5202083333333,25.5289583333333,0,0,42.2363855185417,38.4918391502083,15.4166666666667,15.2291666666667,16,24.65,23.9583333333333,24.2416666666667,-1.01023411755208,4.451499004375,3.44126488704167,0.417027160804857,"Summer",0,0,0,NA
"240",240,24.5270833333333,25.2385416666667,0,0,35.5968707658333,33.2568058429167,15.3333333333333,15,15.9791666666667,25.35,24.5020833333333,24.5541666666667,-1.28348760342083,4.39812235810417,3.11463475489583,0.336837638440836,"Summer",0,0,0,NA
"241",241,24.2233333333333,24.7922916666667,0,0,37.7079211777083,35.8083688170833,15.2708333333333,15,15.25,26.0229166666667,25.08125,24.9458333333333,-0.654096310745833,3.44931250755333,2.79521619689583,0.329325097693715,"Summer",0,0,0,NA
"242",242,23.6525,24.3027083333333,0,0,32.0660674541667,30.2752629597917,15.1666666666667,15,15,26.2354166666667,25.4333333333333,25.24375,-0.830915771427083,3.32292235407417,2.492006582625,0.295623680767725,"Summer",0,0,0,NA
"243",243,23.7285416666667,24.441875,0,0,25.5430208629167,23.6590989041667,14.9791666666667,14.5625,14.7083333333333,26.11875,25.4541666666667,25.31875,-0.77529509535,3.01812432367,2.24282922829167,0.264021360355958,"Summer",0,0,0,NA
"244",244,24.3185416666667,25.1877083333333,0,0,24.3379331066667,22.0420371720833,14.6041666666667,14.0833333333333,14.0416666666667,26.3291666666667,25.5979166666667,25.3916666666667,-0.791538404339583,2.90312935258333,2.11159094829167,0.286931671697992,"Summer",0,0,0,NA
"245",245,22.1875,23.1639583333333,0,0,46.9940179808333,44.8429958008333,14.1041666666667,14,14,24.7916666666667,25.1479166666667,25.3375,-0.267635755142292,2.07597930342708,1.80834354827083,0.173988470210481,"Summer",0,0,0,NA
"246",246,24.921875,25.7770833333333,0,0,34.0659008975,31.3743688597917,14.375,14,13.8333333333333,25.9145833333333,25.3645833333333,24.8333333333333,-0.797921258733333,2.60776607271875,1.80984481397917,0.240092969272786,"Summer",0,0,0,NA
"247",247,25.1170833333333,26.2625,0,0,37.976773806875,35.0288252835417,14.3125,14,13.4375,26.3666666666667,25.8729166666667,25.3708333333333,-0.751107427204583,2.51143325989583,1.76032583279167,0.512961641318987,"Summer",0,0,0,NA
"248",248,25.8816666666667,26.9125,0,0,23.443277855,21.2781177675,14.1875,14,13.125,26.7916666666667,26.18125,25.6083333333333,-0.443819932945833,2.1689936117875,1.7251736789375,0.251726321481873,"Summer",0,0,0,NA
"249",249,24.1439583333333,24.8935416666667,0,0,33.0076423972917,30.95860417375,14.0833333333333,13.9166666666667,13,27.0041666666667,26.40625,25.8229166666667,-0.62176368405,2.22693626944792,1.605172585375,0.314225017911776,"Summer",0,0,0,NA
"250",250,24.0547916666667,24.855,0,0,32.6688292789583,30.2393907504167,13.7291666666667,13.6458333333333,13,26.9166666666667,26.4416666666667,25.9270833333333,-0.764874495094167,2.34030460929375,1.57543011422917,0.309741161035641,"Summer",0,0,0,NA
"251",251,22.1327083333333,22.8979166666667,0.381,1,45.5339416975,43.176845639375,13.4375,13.2916666666667,13,26.1479166666667,26.0291666666667,25.8458333333333,-0.6862447722875,2.15771083173958,1.47146605939583,0.222900922940735,"Summer",0,0,0,NA
"252",252,21.355625,21.9377083333333,0,0,58.6471975854167,56.7483601008333,13.1458333333333,13.0416666666667,12.7916666666667,25.375,25.49375,25.44375,-0.371023413410417,1.95253421792521,1.5815108045625,0.493263724717025,"Summer",0,0,0,NA
"253",253,23.8639583333333,24.5060416666667,0,0,41.62356888125,39.6259417866667,13.25,13.0833333333333,12.4375,26.3604166666667,25.6729166666667,25.29375,-0.365927880042083,2.04750124844854,1.6815733684375,0.254632883227934,"Summer",0,0,0,NA
"254",254,24.931875,25.6210416666667,0,0,33.436982175,31.5558785639583,13.1666666666667,13,12.2291666666667,27.0541666666667,26.3145833333333,25.7479166666667,-0.344597580085625,2.03451445338125,1.68991687327083,0.234358455675727,"Summer",0,0,0,NA
"255",255,25.9008333333333,27.1041666666667,0,0,23.5115551004167,20.972943338125,13.1875,13.0208333333333,12.0625,27.54375,26.6375,26.0229166666667,-0.297153069172917,1.91514490136458,1.61799183220833,0.202776964965516,"Summer",0,0,0,NA
"256",256,24.96125,26.051875,0,0,35.7672794277083,32.58693271,12.6875,13,12.0416666666667,27.3708333333333,26.6375,26.2354166666667,-0.436526791997708,1.80363324482708,1.36710645279167,0.171040571281148,"Summer",0,0,0,NA
"257",257,23.6185416666667,24.4402083333333,0,0,42.0035415035417,39.8377285270833,12.3958333333333,13,12,27.2333333333333,26.8125,26.2208333333333,-0.3218009677375,1.49818898886042,1.17638802116458,0.225023596788214,"Summer",0,0,0,NA
"258",258,21.746875,22.3583333333333,0,0,52.2003339241667,51.1167365297917,12.2708333333333,13,12,26.3416666666667,26.4958333333333,26.025,-0.334103311997708,1.27020071111896,0.936097399110417,0.139971319475174,"Summer",0,0,0,NA
"259",259,21.6272916666667,22.285,0,0,51.0481386270833,49.6782766604167,12.1875,12.75,12,26.0729166666667,26.0375,25.6604166666667,-0.514158015297917,1.32847788105546,0.814319865829167,0.108223500651452,"Summer",0,0,0,NA
"260",260,22.3672916666667,23.3097916666667,0,0,42.4309435941667,40.1055394945833,12.0625,12.6041666666667,11.9166666666667,25.7229166666667,25.7354166666667,25.475,-0.412171062000417,1.22623097478333,0.814059912785417,0.158478507278005,"Summer",0,0,0,NA
"261",261,23.0089583333333,23.9720833333333,0,0,38.725973533125,36.5292134766667,11.8541666666667,12.5,11.6666666666667,25.74375,25.6083333333333,25.3041666666667,-0.465081064845833,1.27190976003187,0.8068286951625,0.173998642255676,"Summer",0,0,0,NA
"262",262,22.4660416666667,23.2991666666667,0,0,46.9267025045833,45.1349070975,11.6666666666667,12.3541666666667,11.5625,25.8270833333333,25.6208333333333,25.3125,-0.3891535811525,1.2227195115375,0.833565930389583,0.184296441786686,"Summer",0,0,0,NA
"263",263,22.3795833333333,23.105,0,0,48.3311345979167,46.72419793875,11.5833333333333,12.2916666666667,11.3125,26.11875,25.5958333333333,25.2416666666667,-0.534038011884583,1.32991729733542,0.795879285433333,0.184434311172826,"Summer",0,0,0,NA
"264",264,22.7633333333333,23.3954166666667,0,0,42.5231093675,41.1056917545833,11.5416666666667,12.25,11.2083333333333,26.5,25.9041666666667,25.4375,-0.186276211353542,0.98987907573625,0.803602864341667,0.129508636066539,"Summer",0,0,0,NA
"265",265,21.8858333333333,22.4354166666667,0,0,36.5204718639583,35.6027305866667,11.3333333333333,12.0833333333333,11.0416666666667,26.1541666666667,25.8770833333333,25.4104166666667,0.091602868080625,0.748964923848542,0.840567791958333,0.138034633702013,"Summer",0,0,0,NA
"266",266,18.55125,19.3629166666667,0,0,42.2556723191667,41.2394460525,11.1458333333333,12,11.0416666666667,24.4666666666667,25.0833333333333,25.125,-0.216036317579167,0.8958050133575,0.6797686958,0.145424571330712,"Summer",0,0,0,NA
"267",267,17.2697916666667,18.29875,0,0,27.1706769895833,25.6175264727083,11.2291666666667,11.8541666666667,11,23.5208333333333,23.5520833333333,24.1833333333333,-0.345799385159375,1.01584956429646,0.670050179085417,0.196706870237334,"Summer",0,0,0,NA
"268",268,17.4527083333333,18.474375,0,0,22.4135311672917,20.965934830625,11.0833333333333,11.6458333333333,11,23.28125,22.9291666666667,23.8541666666667,-0.376587909191875,0.980973547475833,0.6043856383625,0.130680962199965,"Summer",0,0,0,NA
"269",269,18.5402083333333,19.55375,0,0,20.9041985535417,19.7895551175,10.9166666666667,11.5,10.9791666666667,23.0395833333333,22.6916666666667,23.5375,-0.2635669301625,0.894534695029792,0.6309677648625,0.109012527925492,"Summer",0,0,0,NA
"270",270,19.3566666666667,20.1870833333333,0,0,24.2404484135417,23.2920081916667,10.8958333333333,11.4375,10.9375,23.7125,22.9729166666667,23.4625,-0.175613560502708,0.8885149033625,0.712901342822917,0.154276145694346,"Summer",0,0,0,NA
"271",271,19.6552083333333,20.3797916666667,0,0,41.511525333125,40.5978580729167,10.7083333333333,11.4375,10.8125,23.625,23.0125,23.4708333333333,-0.142082641801604,0.88787102155625,0.745788379785417,0.174499277602189,"Summer",0,0,0,NA
"272",272,21.340625,21.768125,0,0,52.241024981875,51.7528311754167,11,11.5416666666667,10.9375,25.03125,23.925,23.7604166666667,-0.0706331273254167,0.896083440633312,0.825450313277083,0.104106982761508,"Summer",0,0,0,NA
"273",273,21.93875,22.7235416666667,0,0,39.6877440391667,38.7056455633333,11,11.7291666666667,10.9583333333333,25.03125,24.4,24.1333333333333,-0.049726696363125,0.84314018734375,0.79341349099375,0.113407255416865,"Summer",0,0,0,NA
"274",274,22.3710416666667,23.3514583333333,0,0,21.7579610425,20.488703343125,10.7916666666667,11.4583333333333,10.7291666666667,24.4354166666667,23.95,23.9395833333333,-0.156062301396458,0.848510840270833,0.692448538875,0.100308128475673,"Summer",0,0,0,NA
"275",275,21.44625,22.2677083333333,0,0,24.2758900495625,23.302655476875,10.6458333333333,11.4166666666667,10.7083333333333,24.2541666666667,24.05625,23.9020833333333,0.175744077108333,0.412920019998646,0.588664097116667,0.135334958246661,"Summer",0,0,0,NA
"276",276,21.5247916666667,22.7377083333333,0,0,24.199016251875,22.4013352335417,10.5208333333333,11.25,10.4166666666667,23.9770833333333,23.6166666666667,23.6,-0.101940941778542,0.58406243563125,0.482121493860417,0.0903628073325782,"Summer",0,0,0,NA
"277",277,24.1860416666667,25.3920833333333,0,0,31.2486573870833,28.5564100129167,10.5625,11.2916666666667,10.2291666666667,24.4125,23.9729166666667,23.7458333333333,-0.171077870585208,0.641112795006458,0.470034924427083,0.106512679336325,"Summer",0,0,0,NA
"278",278,22.9885416666667,24.104375,0.762,1,49.99786474375,46.2825476208333,10.625,11.3541666666667,10.3333333333333,25.2291666666667,24.66875,24.0125,-0.295905512540208,0.66616088903125,0.370255376489583,0.0488635796185045,"Summer",0,0,0,NA
"279",279,21.9054166666667,23.02375,0,0,25.4485291047708,23.25178486125,10.6041666666667,11.0208333333333,10.1875,24.5645833333333,23.7916666666667,23.9875,-0.265893991578333,0.598683062866667,0.332789071310417,0.116498268041498,"Summer",0,0,0,NA
"280",280,20.7879166666667,22.076875,0,0,9.771602404625,9.65519516572917,10.5208333333333,11,10.0625,22.9729166666667,22.4583333333333,23.45,-0.2804469647675,0.543669316464792,0.26322235168125,0.0534016681198538,"Summer",0,0,0,NA
"281",281,20.7520833333333,21.7904166666667,0,0,13.7419610674583,13.5039497957917,10.375,10.9791666666667,10,22.6604166666667,22.09375,23.0125,-0.135903509144583,0.459728418940417,0.3238249098125,0.188100401069069,"Summer",0,0,0,NA
"282",282,18.3066666666667,19.1020833333333,0,0,33.096182046875,32.0671609875,10.3125,11,10,22.71875,22.09375,22.78125,-0.252665669433063,0.523836074067292,0.271170404639583,0.106738627574535,"Summer",0,0,0,NA
"283",283,17.425625,17.8958333333333,0,0,25.2847141754167,25.1881841833333,10.3541666666667,10.8958333333333,10,22.63125,21.6916666666667,22.59375,-0.325607050989583,0.73764062060625,0.41203356960625,0.167705007667203,"Summer",0,0,0,NA
"284",284,20.185,20.871875,0,0,33.0087452441667,32.0738914929167,10.3541666666667,10.8125,10,23.11875,21.9270833333333,22.4958333333333,-0.0584500829135417,0.522489993332979,0.464039910372917,0.0906476862548139,"Summer",0,0,0,NA
"285",285,22.0652083333333,23.2002083333333,0.254,1,37.83644377125,35.128206571875,10.3541666666667,10.9791666666667,10,23.8854166666667,22.8125,22.8645833333333,0.00140628828320833,0.47287252883125,0.47427881706875,0.0764125888255038,"Summer",0,0,0,NA
"286",286,21.8954166666667,23.13625,0,0,30.8879539595833,28.319937473125,10.3333333333333,10.9583333333333,10,23.1645833333333,22.8125,22.91875,-0.0063063916525,0.4754932755375,0.46918688384375,0.066623180811366,"Summer",0,0,0,NA
"287",287,21.4458333333333,22.5495833333333,0,0,22.0201700539583,20.380510721875,10.375,10.9583333333333,10,23.8625,22.7791666666667,22.8770833333333,-0.132331687134063,0.585058856392917,0.452727169233333,0.0638239823169062,"Summer",0,0,0,NA
"288",288,21.25125,22.0225,0,0,17.91014452875,17.1336308520833,10.3125,10.75,10,23.50625,22.5104166666667,22.9208333333333,0.0170261605695833,0.511086548979167,0.528112709535417,0.15585571704292,"Summer",0,0,0,NA
"289",289,19.3220833333333,19.9475,0,0,33.3698583741667,32.57419008625,10.2916666666667,10.7291666666667,10,23.6604166666667,22.50625,22.86875,-0.0589179253104688,0.487774051772083,0.42885612646875,0.10156851229832,"Summer",0,0,0,NA
"290",290,21.6910416666667,22.5702083333333,0,0,36.6052251639583,34.8518977377083,10.2083333333333,10.7291666666667,10,23.61875,22.5979166666667,22.8708333333333,-0.0428501250694167,0.467487536833333,0.424637411758333,0.178629002407843,"Summer",0,0,0,NA
"291",291,22.21625,23.250625,0,0,29.5016076239583,27.4816536458333,10.2916666666667,10.8333333333333,10,24.4958333333333,23.2166666666667,23.1,-0.070390753828125,0.4369286958375,0.366537942008333,0.0780080945828519,"Summer",0,0,0,NA
"292",292,21.619375,22.6360416666667,0,0,24.0964862529167,22.7161768720833,10.0416666666667,10.6875,10,22.6729166666667,22.6354166666667,22.9666666666667,-0.0894162505969792,0.409333538187083,0.319917287597917,0.0764734023320058,"Summer",0,0,0,NA
"293",293,19.9539583333333,20.8527083333333,0,0,30.61315875375,29.2205470047917,10.1666666666667,10.5208333333333,10,22.5875,22.36875,22.4895833333333,-0.0472333462564167,0.341102812874792,0.29386946659375,0.0967330944732059,"Summer",0,0,0,NA
"294",294,15.7070833333333,16.6808333333333,0,0,42.81528604375,41.14540995875,10.1875,10.1666666666667,9.97916666666667,21.925,21.5270833333333,22.2979166666667,-0.252842994153333,0.48635894979625,0.233515955675,0.0697621539973396,"Summer",0,0,0,NA
"295",295,18.7439583333333,19.7070833333333,0,0,22.3705521759167,21.239948559,10.0208333333333,10,9.6875,21.04375,20.4416666666667,21.71875,-0.0277843400495833,0.378830014462708,0.35104567441875,0.303383251383658,"Summer",0,0,0,NA
"296",296,22.919375,24.141875,0,0,9.96529169360417,9.9246293831875,10.1458333333333,10.0416666666667,9.60416666666667,21.9270833333333,20.7875,21.5833333333333,0.0279927925244542,0.377979755260417,0.405972547772917,0.0779220985208499,"Summer",0,0,0,NA
"297",297,19.6647916666667,20.380625,0,0,19.6776188402083,19.1139551175,9.97916666666667,10,9.5,21.8479166666667,20.9479166666667,21.6395833333333,-0.00843619891208334,0.417092003391646,0.408655804495833,0.109824204469397,"Summer",0,0,0,NA
"298",298,18.0485416666667,18.9245833333333,0,0,28.4120182508333,27.440400799375,9.875,10,9.45833333333333,21.2979166666667,20.6020833333333,21.44375,-0.22616980461,0.552446609328958,0.326276804758333,0.063928689393531,"Summer",0,0,0,NA
"299",299,19.1229166666667,20.5560416666667,0,0,19.5261614830833,17.8413953338125,9.89583333333333,10,9.1875,21.0625,20.2583333333333,21.2208333333333,-0.01450127661125,0.324735019968542,0.31023374335625,0.0811036604552219,"Summer",0,0,0,NA
"300",300,18.0175,19.3791666666667,0,0,19.3237883340625,17.795375634375,9.77083333333333,9.97916666666667,9.04166666666667,20.6104166666667,19.7208333333333,20.95625,-0.101480343101875,0.343495596948333,0.242015253889583,0.0440942239526735,"Summer",0,0,0,NA
"301",301,17.0610416666667,18.2225,0,0,21.5701790135417,20.368538491875,9.70833333333333,9.95833333333333,9,20.2979166666667,19.425,20.6875,0.0346639548555833,0.170943676674792,0.20560763153125,0.0406064593566951,"Summer",0,0,0,NA
"302",302,17.855,18.8054166666667,0,0,22.05965903625,21.2025953710417,9.64583333333333,9.97916666666667,9,20.3541666666667,19.6708333333333,20.5208333333333,0.0012142979435625,0.26808667256125,0.269300970489583,0.0846066656266592,"Summer",0,0,0,NA
"303",303,16.7104166666667,17.6197916666667,1.016,1,32.3306315675,31.270411528125,9.58333333333333,9.85416666666667,9,19.2041666666667,19.3145833333333,20.2708333333333,0.03524874397125,0.249518553821667,0.284767297795833,0.163594006175992,"Summer",0,0,0,NA
"304",304,14.1869166666667,15.1270833333333,0,0,48.0808031735417,45.926376221875,9.52083333333333,9.625,9,17.7916666666667,18.5145833333333,19.7416666666667,0.195711481759583,0.10760904779025,0.303320529552083,0.136236560024017,"Summer",0,0,0,NA
"305",305,15.643125,16.6552083333333,0,0,36.2070325979167,34.9270792825,9.58333333333333,9.4375,9,17.8479166666667,18.1833333333333,19.19375,0.0851364612877438,0.226997155825833,0.31213361711875,0.0536262112758282,"Winter",0,0,0,NA
"306",306,15.7202083333333,16.6358333333333,0,0,44.4678922947917,43.5131436097917,9.6875,9.375,9,17.8020833333333,17.9875,18.9729166666667,0.203126884179521,0.135720343156458,0.338847227335417,0.0595127293846862,"Winter",0,0,0,NA
"307",307,16.9074418604651,18.1676744186047,0,0,38.9549514106977,37.1841385604651,9.74418604651163,9.41860465116279,9,18.5976744186047,18.2162790697674,18.9,0.277101864947674,0.114051417503023,0.391153282448837,0.0667490443824679,"Winter",0,0,0,NA
"308",308,15.6335416666667,16.64375,0,0,55.413147241875,54.0569288352083,9.85416666666667,9.22916666666667,9,17.9416666666667,18.1625,18.975,0.206823076829583,0.174800548852083,0.38162362568125,0.0244800077825702,"Winter",0,0,0,NA
"309",309,15.6766666666667,16.7608333333333,0,0,52.2404630545833,49.858939180625,9.64583333333333,9.20833333333333,9,18.0208333333333,17.875,18.6666666666667,0.229385854968958,0.174615870013958,0.40400172498125,0.0726930110448541,"Winter",0,0,0,NA
"310",310,16.1502083333333,17.41,0,0,35.355540879375,33.1230030720833,9.70833333333333,9.10416666666667,9,18.1375,17.8125,18.71875,0.198713194817708,0.233142782373125,0.431855977191667,0.067886731977157,"Winter",0,0,0,NA
"311",311,16.3747916666667,17.2597916666667,1.143,2,43.29700600375,41.7364904597917,9.6875,9.22916666666667,9,18.29375,17.9479166666667,18.725,0.0953879754178896,0.360118037735625,0.455506013158333,0.0849636494884928,"Winter",0,0,0,NA
"312",312,13.3805208333333,14.2016666666667,1.651,2,64.5179071608333,62.297242804375,9.72916666666667,9,9,17.7770833333333,17.5166666666667,18.7354166666667,0.36854141914625,0.0686699295075,0.437211348645833,0.143492727889992,"Winter",0,0,0,NA
"313",313,15.9589583333333,17.1766666666667,0,0,46.0597872672917,43.2990245735417,9.70833333333333,9,8.95833333333333,17.2229166666667,16.6645833333333,18.2770833333333,0.220591115764167,0.237267878537083,0.457858994302083,0.102586603835272,"Winter",0,0,0,NA
"314",314,17.5545833333333,18.98375,0,0,37.0915205295833,33.9465172510417,9.95833333333333,9,8.875,17.4541666666667,16.8645833333333,18.1270833333333,0.162476602889833,0.302557367507604,0.465033970389583,0.0759763529705754,"Winter",0,0,0,NA
"315",315,17.6720833333333,19.1358333333333,0,0,28.6128494514583,26.2695352075,10.1041666666667,9.02083333333333,8.97916666666667,17.6083333333333,17.06875,18.1375,0.147336371327708,0.27201169836875,0.419348069708333,0.056219298575629,"Winter",0,0,0,NA
"316",316,18.7027083333333,20.0229166666667,0,0,24.0032709385417,22.3839302879167,10.1041666666667,9,8.91666666666667,17.3083333333333,16.9375,18.0104166666667,0.00433483345895833,0.37413008831625,0.378464921797917,0.0569004912365124,"Winter",0,0,0,NA
"317",317,19.598125,21.0414583333333,0,0,24.0562871422917,21.962306630625,10.1666666666667,9,8.9375,18.0833333333333,17.4708333333333,18.0541666666667,0.100402405738396,0.227175731495208,0.327578137235417,0.0648749098226477,"Winter",0,0,0,NA
"318",318,20.1147916666667,21.5064583333333,0,0,17.746701305625,16.3938184189583,10.0833333333333,9.04166666666667,8.95833333333333,18.39375,17.6104166666667,18.25625,0.103832989773542,0.160498654089167,0.264331643860417,0.071165743384784,"Winter",0,0,0,NA
"319",319,18.939375,20.4847916666667,0,0,14.7037851604375,13.5272785079792,9.83333333333333,9,8.91666666666667,17.5,17.3958333333333,18.2125,-0.0723525280779583,0.236984487821313,0.164631959752083,0.0267462013466721,"Winter",0,0,0,NA
"320",320,18.8752083333333,20.565625,0,0,14.8242092644375,13.4902056221458,9.72916666666667,9,8.83333333333333,17.6833333333333,17.3625,17.9895833333333,-0.00945327767458334,0.132914071956667,0.123460794282083,0.0892383914924407,"Winter",0,0,0,NA
"321",321,16.82,18.24875,0,0,19.2587723534583,17.8306915908333,9.64583333333333,9,8.70833333333333,17.3520833333333,17.1604166666667,17.95625,-0.0273367389197917,0.0995885330105833,0.072251794096875,0.0756310675815182,"Winter",0,0,0,NA
"322",322,13.8974166666667,14.9333333333333,0,0,36.2042164414583,34.9963991433333,9.58333333333333,9,8.5625,17.0041666666667,16.6479166666667,17.74375,-0.161019759419792,0.236330620130208,0.0753108607160417,0.122463982666405,"Winter",0,0,0,NA
"323",323,12.4699791666667,13.2370833333333,0,0,25.7516843802083,25.38629419625,9.41666666666667,9,8.3125,16.2541666666667,16.0729166666667,17.4583333333333,-0.278531682003333,0.345028602754375,0.0664969207583333,0.0795030246102533,"Winter",0,0,0,NA
"324",324,13.48125,14.8097916666667,0,0,24.26240597,22.8097937416667,9.3125,8.91666666666667,8.04166666666667,14.8875,15.1291666666667,16.8729166666667,-0.0748764533989583,0.17037189301625,0.0954954396141667,0.0284099376162393,"Winter",0,0,0,NA
"325",325,15.3191666666667,16.6841666666667,0,0,18.7840813045,17.5925767922917,9.33333333333333,8.89583333333333,8,15.3291666666667,15.1458333333333,16.4854166666667,-0.0749571538360417,0.25836056634,0.183403412510417,0.117528829531066,"Winter",0,0,0,NA
"326",326,15.5058333333333,16.5316666666667,0,0,16.8059591029167,16.2272881491667,9.35416666666667,9,8,15.9020833333333,15.5020833333333,16.5208333333333,-0.0796358412316667,0.256654507432187,0.177018666197917,0.0725064068966533,"Winter",0,0,0,NA
"327",327,17.039375,18.628125,0,0,18.920093535,17.3652872264583,9.375,9,8.02083333333333,16.575,15.8041666666667,16.65,0.0113324199883333,0.174504525154792,0.18583694514375,0.175293347918042,"Winter",0,0,0,NA
"328",328,18.51125,20.0295833333333,0,0,18.776524063125,17.3519165758333,9.375,9,8.02083333333333,16.5875,15.9604166666667,16.7729166666667,0.014420073465,0.145136782079167,0.159556855542083,0.095151139253555,"Winter",0,0,0,NA
"329",329,18.4958333333333,20.0670833333333,0,0,19.1071984191667,17.5905185127083,9.3125,9,8.02083333333333,16.89375,16.19375,16.88125,-0.0725185928672708,0.178763284313583,0.106244691448333,0.0275987884763278,"Winter",0,0,0,NA
"330",330,19.769375,21.0314583333333,0,0,14.8368522946042,14.1581106784167,9.35416666666667,9,8,17.0479166666667,16.3583333333333,16.94375,-0.0540243516914354,0.172270956652292,0.118246604961875,0.032026824409245,"Winter",0,0,0,NA
"331",331,18.97625,20.4397916666667,0,0,14.9704405978333,13.9793279082708,9.35416666666667,9,8,17.14375,16.7229166666667,17.0416666666667,0.121744016378333,0.155618285416458,0.277362301795833,0.0941259862176366,"Winter",0,0,0,NA
"332",332,14.4534791666667,15.7570833333333,0,0,26.363155271875,24.953874715,9.25,8.97916666666667,8.02083333333333,16.2229166666667,16.2416666666667,16.98125,0.0991641410135417,0.185199296287708,0.28436343729375,0.06306773882849,"Winter",0,0,0,NA
"333",333,14.615,15.8683333333333,0,0,22.7050300689583,21.6654503808333,9.0625,8.95833333333333,8,15.3291666666667,15.7416666666667,16.6083333333333,0.0377664772610417,0.23253098461875,0.270297461885417,0.0448929055704669,"Winter",0,0,0,NA
"334",334,15.5297916666667,16.5016666666667,0,0,24.95566087375,24.2999930766667,9.125,8.875,8,15.5604166666667,15.7354166666667,16.3770833333333,0.061032132131875,0.196091279077292,0.257123411202083,0.0321153385219131,"Winter",0,0,0,NA
"335",335,15.4472916666667,16.6304166666667,0,0,25.7044315395833,24.6167595639583,9.02083333333333,9,8,15.6625,16.0416666666667,16.4375,0.0616920100364583,0.174935785237292,0.236627795264583,0.0259784235830844,"Winter",0,0,0,NA
"336",336,15.975625,17.17,0,0,26.9972141810417,25.6855119185417,9.125,9,8,16.0395833333333,16.2,16.4791666666667,0.0823034326545833,0.139363189695,0.221666622341667,0.0359569000848802,"Winter",0,0,0,NA
"337",337,14.316875,15.7479166666667,0,0,37.3595518041667,34.9498648404167,9.16666666666667,8.85416666666667,8,15.4875,15.775,16.3895833333333,0.0409714265522292,0.153860001247917,0.194831427789583,0.0583625696857939,"Winter",0,0,0,NA
"338",338,12.6725,13.7789583333333,0,0,43.8818632727083,42.4332836541667,9.1875,8.5625,8,14.8875,15.1541666666667,16.1708333333333,0.028768931690625,0.126855457828333,0.1556243895125,0.0273750983910623,"Winter",0,0,0,NA
"339",339,11.2995833333333,12.1683333333333,0,0,49.62014559875,49.4212813020833,9,8.25,8,14.2145833333333,14.7770833333333,15.975,0.0579412304657083,0.08842447303875,0.146365703504167,0.0774275498609254,"Winter",0,0,0,NA
"340",340,9.38929166666667,9.9931875,0,0,51.733336298125,52.7184718383333,9.10416666666667,8.10416666666667,8,14.3583333333333,14.3666666666667,15.5895833333333,-0.157979126072875,0.282460379160583,0.124481253060833,0.0645594327281616,"Winter",0,0,0,NA
"341",341,2.84060416666667,3.59772916666667,0,0,55.99592330875,57.4187840802083,9,8,8,12.0270833333333,12.7708333333333,15.2125,-0.0379015247974667,0.153428643340833,0.115527118541875,0.154261543450848,"Winter",0,0,0,NA
"342",342,3.51960416666667,4.56047916666667,0,0,32.11660701375,32.3137273079167,8.75,7.75,7.79166666666667,8.89166666666667,9.90416666666667,13.6354166666667,-0.267524395923896,0.350925595687917,0.0834011997464583,0.0792469824347705,"Winter",0,0,0,NA
"343",343,9.23435416666667,10.0228541666667,0,0,18.6728819214583,18.666830231875,8.97916666666667,7.8125,7.5625,10.1520833333333,10.1520833333333,12.8666666666667,0.0899624130008333,0.157954107054375,0.247916520056042,0.184993501810066,"Winter",0,0,0,NA
"344",344,10.4401458333333,11.208125,0,0,17.8903385925,17.8951301360417,9,8,7.5625,11.5291666666667,11.5729166666667,13.1020833333333,0.0915989825285,0.104966348425458,0.196565330952083,0.0546275798665976,"Winter",0,0,0,NA
"345",345,9.38379166666667,10.339125,0,0,25.4101561464583,25.2422384372917,9,8,7.70833333333333,11.0041666666667,11.6541666666667,13.1958333333333,0.0221003513385417,0.16472621501625,0.186826566352083,0.0639665795026617,"Winter",0,0,0,NA
"346",346,9.82429166666667,10.7607291666667,0,0,20.5945800923125,20.269196184375,9.02083333333333,8,7.54166666666667,11.7125,11.69375,13.0625,0.0675095643560417,0.118741150489583,0.186250714847917,0.0875999790177408,"Winter",0,0,0,NA
"347",347,10.8907083333333,12.0882083333333,0,0,28.6986085785417,27.6034726291667,9,8,7.58333333333333,11.7520833333333,11.6729166666667,13.175,-0.0806569566914167,0.217329611024396,0.136672654345417,0.0345575976367001,"Winter",0,0,0,NA
"348",348,10.3901875,11.7133333333333,0,0,34.0838472066667,32.4713531285417,9.02083333333333,8,7.64583333333333,11.8125,11.65625,13.1854166666667,-0.05881408895405,0.158966329214667,0.100152240267083,0.0217423381618567,"Winter",0,0,0,NA
"349",349,6.46991666666667,7.416625,0,0,35.3458864160417,35.2435936729167,8.97916666666667,8,7.39583333333333,10.7145833333333,10.9916666666667,12.9708333333333,-0.121322126968125,0.206995840890625,0.085673713921875,0.0675131085555449,"Winter",0,0,0,NA
"350",350,6.26579166666667,7.19845833333333,0,0,34.5160212441667,34.407673156875,8.83333333333333,7.64583333333333,7.08333333333333,8.88541666666667,9.94583333333333,12.2333333333333,0.0504081019195771,0.14490125917375,0.195309361083542,0.126460240254625,"Winter",0,0,0,NA
"351",351,3.7824375,4.436125,5.588,5,89.1532909502083,88.4230175989583,8.97916666666667,7.52083333333333,7,8.62916666666667,9.75416666666667,11.9395833333333,0.665787879331042,0.030039336391125,0.695827215722917,0.617404188032666,"Winter",1,351,1,351
"352",352,3.85302083333333,4.81116666666667,1.397,4,85.8439319527083,83.8071734429167,9.5,7.02083333333333,7,7.7125,8.78333333333333,11.2833333333333,0.311285753090417,0.066572206560625,0.37785795965,0.192656134199335,"Winter",0,0,0,352
"353",353,5.98635416666667,7.363375,0,0,61.7641087572917,59.356078705625,10.6666666666667,7.02083333333333,7,7.25416666666667,7.97083333333333,10.6520833333333,0.180876878576646,0.139346933573542,0.3202238121375,0.162310774611482,"Winter",0,0,0,353
"354",354,8.8498085106383,10.1211489361702,0,0,47.4663073029787,45.3403396087234,11.4255319148936,7.21276595744681,7,7.59148936170213,8.17021276595745,10.5212765957447,0.247190209184681,0.0975728974938298,0.344763106668085,0.454945503893336,"Winter",0,0,0,354
"355",355,4.77852083333333,5.6424375,0,0,40.121990106875,40.0427018520833,11.4375,7,7,7.18333333333333,7.9,10.4520833333333,0.226876540350979,0.0443597522227083,0.271236292576458,0.251642597306482,"Winter",0,0,0,355
"356",356,0.7035625,1.8206875,0,0,34.756457905,33.7157534439583,11.2916666666667,7,7,4.80416666666667,5.77708333333333,9.60416666666667,-0.06800724332375,0.117752525238125,0.0497452819147917,0.0430234713735153,"Winter",0,0,0,NA
"357",357,8.42770833333333,9.78410416666667,0,0,21.5590745836458,20.0307210341667,11.4583333333333,7,7,5.81666666666667,6.11458333333333,8.93541666666667,-0.0609184864747917,0.131927726074417,0.0710092395933333,0.0743358507025465,"Winter",0,0,0,NA
"358",358,13.106,14.6735416666667,0,0,13.6620954663542,12.771045175875,11.6458333333333,7.29166666666667,7,8.38958333333333,7.99583333333333,9.40208333333333,-0.047028971009375,0.114132970843958,0.0671039998322917,0.100902603161425,"Winter",0,0,0,NA
"359",359,14.14625,15.5991666666667,0,0,11.4082520729375,11.0090994342292,12,7.45833333333333,7,9.43958333333333,8.99583333333333,10.1,0.04738408283375,0.0355092166992646,0.08289329953375,0.123982180933129,"Winter",0,0,0,NA
"360",360,13.4647916666667,14.9704166666667,0,0,8.61170662083333,8.63476271883333,11.8333333333333,7.5,7,9.03333333333333,9.13125,10.3895833333333,0.0134231386817292,0.0472231677120833,0.0606463063951875,0.111643368678306,"Winter",0,0,0,NA
"361",361,13.2058333333333,14.96125,0,0,15.1716779151042,13.9497740942708,11.9375,7.875,7,9.84375,9.93125,10.65625,-0.039757418860375,0.0839945470954167,0.0442371282350833,0.0854259382783739,"Winter",0,0,0,NA
"362",362,14.2841666666667,15.9441666666667,0,0,18.06931412625,16.6405044191667,11.9583333333333,7.9375,7,10.6354166666667,10.3520833333333,10.8979166666667,-0.0689271792537917,0.0948117912304167,0.0258846119750208,0.0706037199836814,"Winter",0,0,0,NA
"363",363,14.8672708333333,16.586875,0,0,15.1721460559583,14.1399536727917,11.9583333333333,8,7,10.9395833333333,10.61875,11.3125,-0.0516018995170833,0.101199455869375,0.0495975563531667,0.107785687550912,"Winter",0,0,0,NA
"364",364,15.92625,17.5829166666667,0,0,14.4008516248958,13.3434948295,11.875,7.97916666666667,7.02083333333333,11.1083333333333,10.7854166666667,11.4604166666667,-0.0388159444537083,0.106866418283958,0.0680504738461875,0.128908449472323,"Winter",0,0,0,NA
"365",365,14.2885106382979,15.7659574468085,0,0,16.6987097780213,15.6430415095745,11.6595744680851,8,7.02127659574468,11.268085106383,11.0489361702128,11.6574468085106,-0.0416347676615319,0.0827820289353191,0.0411472612755745,0.0852971880756362,"Winter",0,0,0,NA
